chave_municipal,municipio_cobertura,localizacao_cobertura,afetado_lista_2024_06_11,qtd_movimentacoes_base,creditos_base,ajustes_negativos_base,saldo_liquido_base,qtd_movimentacoes_ate_extrato,saldo_liquido_ate_extrato,situacao_na_base,situacao_comparacao,motivos_investigacao
4300034,Aceguá,"Aceguá, Rio Grande do Sul, Brasil",1,0,0.00,0.00,0.00,0,0.00,sem_registro,afetado_sem_registro,afetado_sem_registro
4300455,Alegria,"Alegria, Rio Grande do Sul, Brasil",1,0,0.00,0.00,0.00,0,0.00,sem_registro,afetado_sem_registro,afetado_sem_registro
4300505,Alpestre,"Alpestre, Rio Grande do Sul, Brasil",1,0,0.00,0.00,0.00,0,0.00,sem_registro,afetado_sem_registro,afetado_sem_registro
4300646,Ametista do Sul,"Ametista do Sul, Rio Grande do Sul, Brasil",1,0,0.00,0.00,0.00,0,0.00,sem_registro,afetado_sem_registro,afetado_sem_registro
4300661,André da Rocha,"André da Rocha, Rio Grande do Sul, Brasil",1,0,0.00,0.00,0.00,0,0.00,sem_registro,afetado_sem_registro,afetado_sem_registro
4301073,Arroio do Padre,"Arroio do Padre, Rio Grande do Sul, Brasil",1,0,0.00,0.00,0.00,0,0.00,sem_registro,afetado_sem_registro,afetado_sem_registro
4301636,Balneário Pinhal,"Balneário Pinhal, Rio Grande do Sul, Brasil",1,0,0.00,0.00,0.00,0,0.00,sem_registro,afetado_sem_registro,afetado_sem_registro
4301958,Barra Funda,"Barra Funda, Rio Grande do Sul, Brasil",1,0,0.00,0.00,0.00,0,0.00,sem_registro,afetado_sem_registro,afetado_sem_registro
4301859,Barra do Guarita,"Barra do Guarita, Rio Grande do Sul, Brasil",1,0,0.00,0.00,0.00,0,0.00,sem_registro,afetado_sem_registro,afetado_sem_registro
4301875,Barra do Quaraí,"Barra do Quaraí, Rio Grande do Sul, Brasil",1,0,0.00,0.00,0.00,0,0.00,sem_registro,afetado_sem_registro,afetado_sem_registro
4301701,Barão de Cotegipe,"Barão de Cotegipe, Rio Grande do Sul, Brasil",1,0,0.00,0.00,0.00,0,0.00,sem_registro,afetado_sem_registro,afetado_sem_registro
4301750,Barão do Triunfo,"Barão do Triunfo, Rio Grande do Sul, Brasil",1,0,0.00,0.00,0.00,0,0.00,sem_registro,afetado_sem_registro,afetado_sem_registro
4302204,Boa Vista do Buricá,"Boa Vista do Buricá, Rio Grande do Sul, Brasil",1,0,0.00,0.00,0.00,0,0.00,sem_registro,afetado_sem_registro,afetado_sem_registro
4302220,Boa Vista do Cadeado,"Boa Vista do Cadeado, Rio Grande do Sul, Brasil",1,0,0.00,0.00,0.00,0,0.00,sem_registro,afetado_sem_registro,afetado_sem_registro
4302238,Boa Vista do Incra,"Boa Vista do Incra, Rio Grande do Sul, Brasil",1,0,0.00,0.00,0.00,0,0.00,sem_registro,afetado_sem_registro,afetado_sem_registro
4302253,Boa Vista do Sul,"Boa Vista do Sul, Rio Grande do Sul, Brasil",1,0,0.00,0.00,0.00,0,0.00,sem_registro,afetado_sem_registro,afetado_sem_registro
4302378,Bom Progresso,"Bom Progresso, Rio Grande do Sul, Brasil",1,0,0.00,0.00,0.00,0,0.00,sem_registro,afetado_sem_registro,afetado_sem_registro
4302501,Bossoroca,"Bossoroca, Rio Grande do Sul, Brasil",1,0,0.00,0.00,0.00,0,0.00,sem_registro,afetado_sem_registro,afetado_sem_registro
4302709,Butiá,"Butiá, Rio Grande do Sul, Brasil",1,0,0.00,0.00,0.00,0,0.00,sem_registro,afetado_sem_registro,afetado_sem_registro
4303301,Caibaté,"Caibaté, Rio Grande do Sul, Brasil",1,0,0.00,0.00,0.00,0,0.00,sem_registro,afetado_sem_registro,afetado_sem_registro
4303608,Cambará do Sul,"Cambará do Sul, Rio Grande do Sul, Brasil",1,0,0.00,0.00,0.00,0,0.00,sem_registro,afetado_sem_registro,afetado_sem_registro
4303707,Campina das Missões,"Campina das Missões, Rio Grande do Sul, Brasil",1,0,0.00,0.00,0.00,0,0.00,sem_registro,afetado_sem_registro,afetado_sem_registro
4304002,Campo Novo,"Campo Novo, Rio Grande do Sul, Brasil",1,0,0.00,0.00,0.00,0,0.00,sem_registro,afetado_sem_registro,afetado_sem_registro
4304671,Capivari do Sul,"Capivari do Sul, Rio Grande do Sul, Brasil",1,0,0.00,0.00,0.00,0,0.00,sem_registro,afetado_sem_registro,afetado_sem_registro
4304655,Capão do Cipó,"Capão do Cipó, Rio Grande do Sul, Brasil",1,0,0.00,0.00,0.00,0,0.00,sem_registro,afetado_sem_registro,afetado_sem_registro
4304663,Capão do Leão,"Capão do Leão, Rio Grande do Sul, Brasil",1,0,0.00,0.00,0.00,0,0.00,sem_registro,afetado_sem_registro,afetado_sem_registro
4304713,Caraá,"Caraá, Rio Grande do Sul, Brasil",1,0,0.00,0.00,0.00,0,0.00,sem_registro,afetado_sem_registro,afetado_sem_registro
4304952,Caseiros,"Caseiros, Rio Grande do Sul, Brasil",1,0,0.00,0.00,0.00,0,0.00,sem_registro,afetado_sem_registro,afetado_sem_registro
4302808,Caçapava do Sul,"Caçapava do Sul, Rio Grande do Sul, Brasil",1,0,0.00,0.00,0.00,0,0.00,sem_registro,afetado_sem_registro,afetado_sem_registro
4305116,Centenário,"Centenário, Rio Grande do Sul, Brasil",1,0,0.00,0.00,0.00,0,0.00,sem_registro,afetado_sem_registro,afetado_sem_registro
4305173,Cerro Grande do Sul,"Cerro Grande do Sul, Rio Grande do Sul, Brasil",1,0,0.00,0.00,0.00,0,0.00,sem_registro,afetado_sem_registro,afetado_sem_registro
4305207,Cerro Largo,"Cerro Largo, Rio Grande do Sul, Brasil",1,0,0.00,0.00,0.00,0,0.00,sem_registro,afetado_sem_registro,afetado_sem_registro
4305371,Charrua,"Charrua, Rio Grande do Sul, Brasil",1,0,0.00,0.00,0.00,0,0.00,sem_registro,afetado_sem_registro,afetado_sem_registro
4305439,Chuí,"Chuí, Rio Grande do Sul, Brasil",1,0,0.00,0.00,0.00,0,0.00,sem_registro,afetado_sem_registro,afetado_sem_registro
4305454,Cidreira,"Cidreira, Rio Grande do Sul, Brasil",1,0,0.00,0.00,0.00,0,0.00,sem_registro,afetado_sem_registro,afetado_sem_registro
4305702,Condor,"Condor, Rio Grande do Sul, Brasil",1,0,0.00,0.00,0.00,0,0.00,sem_registro,afetado_sem_registro,afetado_sem_registro
4305801,Constantina,"Constantina, Rio Grande do Sul, Brasil",1,0,0.00,0.00,0.00,0,0.00,sem_registro,afetado_sem_registro,afetado_sem_registro
4305975,Coxilha,"Coxilha, Rio Grande do Sul, Brasil",1,0,0.00,0.00,0.00,0,0.00,sem_registro,afetado_sem_registro,afetado_sem_registro
4306403,Dois Irmãos,"Dois Irmãos, Rio Grande do Sul, Brasil",1,0,0.00,0.00,0.00,0,0.00,sem_registro,afetado_sem_registro,afetado_sem_registro
4306601,Dom Pedrito,"Dom Pedrito, Rio Grande do Sul, Brasil",1,0,0.00,0.00,0.00,0,0.00,sem_registro,afetado_sem_registro,afetado_sem_registro
4306551,Dom Pedro de Alcântara,"Dom Pedro de Alcântara, Rio Grande do Sul, Brasil",1,0,0.00,0.00,0.00,0,0.00,sem_registro,afetado_sem_registro,afetado_sem_registro
4306932,Entre-Ijuís,"Entre-Ijuís, Rio Grande do Sul, Brasil",1,0,0.00,0.00,0.00,0,0.00,sem_registro,afetado_sem_registro,afetado_sem_registro
4306973,Erebango,"Erebango, Rio Grande do Sul, Brasil",1,0,0.00,0.00,0.00,0,0.00,sem_registro,afetado_sem_registro,afetado_sem_registro
4307401,Esmeralda,"Esmeralda, Rio Grande do Sul, Brasil",1,0,0.00,0.00,0.00,0,0.00,sem_registro,afetado_sem_registro,afetado_sem_registro
4307559,Estação,"Estação, Rio Grande do Sul, Brasil",1,0,0.00,0.00,0.00,0,0.00,sem_registro,afetado_sem_registro,afetado_sem_registro
4307609,Estância Velha,"Estância Velha, Rio Grande do Sul, Brasil",1,0,0.00,0.00,0.00,0,0.00,sem_registro,afetado_sem_registro,afetado_sem_registro
4307831,Eugênio de Castro,"Eugênio de Castro, Rio Grande do Sul, Brasil",1,0,0.00,0.00,0.00,0,0.00,sem_registro,afetado_sem_registro,afetado_sem_registro
4308078,Fazenda Vilanova,"Fazenda Vilanova, Rio Grande do Sul, Brasil",1,0,0.00,0.00,0.00,0,0.00,sem_registro,afetado_sem_registro,afetado_sem_registro
4308250,Floriano Peixoto,"Floriano Peixoto, Rio Grande do Sul, Brasil",1,0,0.00,0.00,0.00,0,0.00,sem_registro,afetado_sem_registro,afetado_sem_registro
4308409,Formigueiro,"Formigueiro, Rio Grande do Sul, Brasil",1,0,0.00,0.00,0.00,0,0.00,sem_registro,afetado_sem_registro,afetado_sem_registro
4308458,Fortaleza dos Valos,"Fortaleza dos Valos, Rio Grande do Sul, Brasil",1,0,0.00,0.00,0.00,0,0.00,sem_registro,afetado_sem_registro,afetado_sem_registro
4308706,Gaurama,"Gaurama, Rio Grande do Sul, Brasil",1,0,0.00,0.00,0.00,0,0.00,sem_registro,afetado_sem_registro,afetado_sem_registro
4309050,Glorinha,"Glorinha, Rio Grande do Sul, Brasil",1,0,0.00,0.00,0.00,0,0.00,sem_registro,afetado_sem_registro,afetado_sem_registro
4309209,Gravataí,"Gravataí, Rio Grande do Sul, Brasil",1,0,0.00,0.00,0.00,0,0.00,sem_registro,afetado_sem_registro,afetado_sem_registro
4309506,Guarani das Missões,"Guarani das Missões, Rio Grande do Sul, Brasil",1,0,0.00,0.00,0.00,0,0.00,sem_registro,afetado_sem_registro,afetado_sem_registro
4309571,Herveiras,"Herveiras, Rio Grande do Sul, Brasil",1,0,0.00,0.00,0.00,0,0.00,sem_registro,afetado_sem_registro,afetado_sem_registro
4309605,Horizontina,"Horizontina, Rio Grande do Sul, Brasil",1,0,0.00,0.00,0.00,0,0.00,sem_registro,afetado_sem_registro,afetado_sem_registro
4309704,Humaitá,"Humaitá, Rio Grande do Sul, Brasil",1,0,0.00,0.00,0.00,0,0.00,sem_registro,afetado_sem_registro,afetado_sem_registro
4309803,Ibiaçá,"Ibiaçá, Rio Grande do Sul, Brasil",1,0,0.00,0.00,0.00,0,0.00,sem_registro,afetado_sem_registro,afetado_sem_registro
4309902,Ibiraiaras,"Ibiraiaras, Rio Grande do Sul, Brasil",1,0,0.00,0.00,0.00,0,0.00,sem_registro,afetado_sem_registro,afetado_sem_registro
4310330,Imbé,"Imbé, Rio Grande do Sul, Brasil",1,0,0.00,0.00,0.00,0,0.00,sem_registro,afetado_sem_registro,afetado_sem_registro
4310405,Independência,"Independência, Rio Grande do Sul, Brasil",1,0,0.00,0.00,0.00,0,0.00,sem_registro,afetado_sem_registro,afetado_sem_registro
4310462,Ipiranga do Sul,"Ipiranga do Sul, Rio Grande do Sul, Brasil",1,0,0.00,0.00,0.00,0,0.00,sem_registro,afetado_sem_registro,afetado_sem_registro
4310439,Ipê,"Ipê, Rio Grande do Sul, Brasil",1,0,0.00,0.00,0.00,0,0.00,sem_registro,afetado_sem_registro,afetado_sem_registro
4310538,Itaara,"Itaara, Rio Grande do Sul, Brasil",1,0,0.00,0.00,0.00,0,0.00,sem_registro,afetado_sem_registro,afetado_sem_registro
4310801,Ivoti,"Ivoti, Rio Grande do Sul, Brasil",1,0,0.00,0.00,0.00,0,0.00,sem_registro,afetado_sem_registro,afetado_sem_registro
4310876,Jacuizinho,"Jacuizinho, Rio Grande do Sul, Brasil",1,0,0.00,0.00,0.00,0,0.00,sem_registro,afetado_sem_registro,afetado_sem_registro
4311122,Jaquirana,"Jaquirana, Rio Grande do Sul, Brasil",1,0,0.00,0.00,0.00,0,0.00,sem_registro,afetado_sem_registro,afetado_sem_registro
4311130,Jari,"Jari, Rio Grande do Sul, Brasil",1,0,0.00,0.00,0.00,0,0.00,sem_registro,afetado_sem_registro,afetado_sem_registro
4311155,Jóia,"Jóia, Rio Grande do Sul, Brasil",1,0,0.00,0.00,0.00,0,0.00,sem_registro,afetado_sem_registro,afetado_sem_registro
4311205,Júlio de Castilhos,"Júlio de Castilhos, Rio Grande do Sul, Brasil",1,0,0.00,0.00,0.00,0,0.00,sem_registro,afetado_sem_registro,afetado_sem_registro
4311502,Lavras do Sul,"Lavras do Sul, Rio Grande do Sul, Brasil",1,0,0.00,0.00,0.00,0,0.00,sem_registro,afetado_sem_registro,afetado_sem_registro
4311981,Mariana Pimentel,"Mariana Pimentel, Rio Grande do Sul, Brasil",1,0,0.00,0.00,0.00,0,0.00,sem_registro,afetado_sem_registro,afetado_sem_registro
4312005,Mariano Moro,"Mariano Moro, Rio Grande do Sul, Brasil",1,0,0.00,0.00,0.00,0,0.00,sem_registro,afetado_sem_registro,afetado_sem_registro
4312104,Mata,"Mata, Rio Grande do Sul, Brasil",1,0,0.00,0.00,0.00,0,0.00,sem_registro,afetado_sem_registro,afetado_sem_registro
4312179,Mato Queimado,"Mato Queimado, Rio Grande do Sul, Brasil",1,0,0.00,0.00,0.00,0,0.00,sem_registro,afetado_sem_registro,afetado_sem_registro
4311718,Maçambará,"Maçambará, Rio Grande do Sul, Brasil",1,0,0.00,0.00,0.00,0,0.00,sem_registro,afetado_sem_registro,afetado_sem_registro
4312252,Minas do Leão,"Minas do Leão, Rio Grande do Sul, Brasil",1,0,0.00,0.00,0.00,0,0.00,sem_registro,afetado_sem_registro,afetado_sem_registro
4312377,Monte Alegre dos Campos,"Monte Alegre dos Campos, Rio Grande do Sul, Brasil",1,0,0.00,0.00,0.00,0,0.00,sem_registro,afetado_sem_registro,afetado_sem_registro
4312427,Mormaço,"Mormaço, Rio Grande do Sul, Brasil",1,0,0.00,0.00,0.00,0,0.00,sem_registro,afetado_sem_registro,afetado_sem_registro
4312617,Muitos Capões,"Muitos Capões, Rio Grande do Sul, Brasil",1,0,0.00,0.00,0.00,0,0.00,sem_registro,afetado_sem_registro,afetado_sem_registro
4313060,Nova Hartz,"Nova Hartz, Rio Grande do Sul, Brasil",1,0,0.00,0.00,0.00,0,0.00,sem_registro,afetado_sem_registro,afetado_sem_registro
4313334,Nova Ramada,"Nova Ramada, Rio Grande do Sul, Brasil",1,0,0.00,0.00,0.00,0,0.00,sem_registro,afetado_sem_registro,afetado_sem_registro
4313359,Nova Roma do Sul,"Nova Roma do Sul, Rio Grande do Sul, Brasil",1,0,0.00,0.00,0.00,0,0.00,sem_registro,afetado_sem_registro,afetado_sem_registro
4312658,Não-Me-Toque,"Não-Me-Toque, Rio Grande do Sul, Brasil",1,0,0.00,0.00,0.00,0,0.00,sem_registro,afetado_sem_registro,afetado_sem_registro
4313508,Osório,"Osório, Rio Grande do Sul, Brasil",1,0,0.00,0.00,0.00,0,0.00,sem_registro,afetado_sem_registro,afetado_sem_registro
4313607,Paim Filho,"Paim Filho, Rio Grande do Sul, Brasil",1,0,0.00,0.00,0.00,0,0.00,sem_registro,afetado_sem_registro,afetado_sem_registro
4313656,Palmares do Sul,"Palmares do Sul, Rio Grande do Sul, Brasil",1,0,0.00,0.00,0.00,0,0.00,sem_registro,afetado_sem_registro,afetado_sem_registro
4313904,Panambi,"Panambi, Rio Grande do Sul, Brasil",1,0,0.00,0.00,0.00,0,0.00,sem_registro,afetado_sem_registro,afetado_sem_registro
4314100,Passo Fundo,"Passo Fundo, Rio Grande do Sul, Brasil",1,0,0.00,0.00,0.00,0,0.00,sem_registro,afetado_sem_registro,afetado_sem_registro
4314308,Pejuçara,"Pejuçara, Rio Grande do Sul, Brasil",1,0,0.00,0.00,0.00,0,0.00,sem_registro,afetado_sem_registro,afetado_sem_registro
4314464,Pinhal da Serra,"Pinhal da Serra, Rio Grande do Sul, Brasil",1,0,0.00,0.00,0.00,0,0.00,sem_registro,afetado_sem_registro,afetado_sem_registro
4314498,Pinheirinho do Vale,"Pinheirinho do Vale, Rio Grande do Sul, Brasil",1,0,0.00,0.00,0.00,0,0.00,sem_registro,afetado_sem_registro,afetado_sem_registro
4314704,Planalto,"Planalto, Rio Grande do Sul, Brasil",1,0,0.00,0.00,0.00,0,0.00,sem_registro,afetado_sem_registro,afetado_sem_registro
4315073,Porto Vera Cruz,"Porto Vera Cruz, Rio Grande do Sul, Brasil",1,0,0.00,0.00,0.00,0,0.00,sem_registro,afetado_sem_registro,afetado_sem_registro
4314803,Portão,"Portão, Rio Grande do Sul, Brasil",1,0,0.00,0.00,0.00,0,0.00,sem_registro,afetado_sem_registro,afetado_sem_registro
4314753,Poço das Antas,"Poço das Antas, Rio Grande do Sul, Brasil",1,0,0.00,0.00,0.00,0,0.00,sem_registro,afetado_sem_registro,afetado_sem_registro
4315305,Quaraí,"Quaraí, Rio Grande do Sul, Brasil",1,0,0.00,0.00,0.00,0,0.00,sem_registro,afetado_sem_registro,afetado_sem_registro
4315313,Quatro Irmãos,"Quatro Irmãos, Rio Grande do Sul, Brasil",1,0,0.00,0.00,0.00,0,0.00,sem_registro,afetado_sem_registro,afetado_sem_registro
4315552,Rio dos Índios,"Rio dos Índios, Rio Grande do Sul, Brasil",1,0,0.00,0.00,0.00,0,0.00,sem_registro,afetado_sem_registro,afetado_sem_registro
4315958,Rolador,"Rolador, Rio Grande do Sul, Brasil",1,0,0.00,0.00,0.00,0,0.00,sem_registro,afetado_sem_registro,afetado_sem_registro
4316436,Saldanha Marinho,"Saldanha Marinho, Rio Grande do Sul, Brasil",1,0,0.00,0.00,0.00,0,0.00,sem_registro,afetado_sem_registro,afetado_sem_registro
4316600,Sananduva,"Sananduva, Rio Grande do Sul, Brasil",1,0,0.00,0.00,0.00,0,0.00,sem_registro,afetado_sem_registro,afetado_sem_registro
4317103,Sant'Ana do Livramento,"Sant'Ana do Livramento, Rio Grande do Sul, Brasil",1,0,0.00,0.00,0.00,0,0.00,sem_registro,afetado_sem_registro,afetado_sem_registro
4316709,Santa Bárbara do Sul,"Santa Bárbara do Sul, Rio Grande do Sul, Brasil",1,0,0.00,0.00,0.00,0,0.00,sem_registro,afetado_sem_registro,afetado_sem_registro
4316972,Santa Margarida do Sul,"Santa Margarida do Sul, Rio Grande do Sul, Brasil",1,0,0.00,0.00,0.00,0,0.00,sem_registro,afetado_sem_registro,afetado_sem_registro
4316956,Santa Maria do Herval,"Santa Maria do Herval, Rio Grande do Sul, Brasil",1,0,0.00,0.00,0.00,0,0.00,sem_registro,afetado_sem_registro,afetado_sem_registro
4317202,Santa Rosa,"Santa Rosa, Rio Grande do Sul, Brasil",1,0,0.00,0.00,0.00,0,0.00,sem_registro,afetado_sem_registro,afetado_sem_registro
4317400,Santiago,"Santiago, Rio Grande do Sul, Brasil",1,0,0.00,0.00,0.00,0,0.00,sem_registro,afetado_sem_registro,afetado_sem_registro
4317707,Santo Antônio das Missões,"Santo Antônio das Missões, Rio Grande do Sul, Brasil",1,0,0.00,0.00,0.00,0,0.00,sem_registro,afetado_sem_registro,afetado_sem_registro
4317806,Santo Augusto,"Santo Augusto, Rio Grande do Sul, Brasil",1,0,0.00,0.00,0.00,0,0.00,sem_registro,afetado_sem_registro,afetado_sem_registro
4317905,Santo Cristo,"Santo Cristo, Rio Grande do Sul, Brasil",1,0,0.00,0.00,0.00,0,0.00,sem_registro,afetado_sem_registro,afetado_sem_registro
4320206,Seberi,"Seberi, Rio Grande do Sul, Brasil",1,0,0.00,0.00,0.00,0,0.00,sem_registro,afetado_sem_registro,afetado_sem_registro
4320230,Sede Nova,"Sede Nova, Rio Grande do Sul, Brasil",1,0,0.00,0.00,0.00,0,0.00,sem_registro,afetado_sem_registro,afetado_sem_registro
4320354,Sentinela do Sul,"Sentinela do Sul, Rio Grande do Sul, Brasil",1,0,0.00,0.00,0.00,0,0.00,sem_registro,afetado_sem_registro,afetado_sem_registro
4320404,Serafina Corrêa,"Serafina Corrêa, Rio Grande do Sul, Brasil",1,0,0.00,0.00,0.00,0,0.00,sem_registro,afetado_sem_registro,afetado_sem_registro
4320552,Sertão Santana,"Sertão Santana, Rio Grande do Sul, Brasil",1,0,0.00,0.00,0.00,0,0.00,sem_registro,afetado_sem_registro,afetado_sem_registro
4320578,Sete de Setembro,"Sete de Setembro, Rio Grande do Sul, Brasil",1,0,0.00,0.00,0.00,0,0.00,sem_registro,afetado_sem_registro,afetado_sem_registro
4318499,São José do Inhacorá,"São José do Inhacorá, Rio Grande do Sul, Brasil",1,0,0.00,0.00,0.00,0,0.00,sem_registro,afetado_sem_registro,afetado_sem_registro
4318622,São José dos Ausentes,"São José dos Ausentes, Rio Grande do Sul, Brasil",1,0,0.00,0.00,0.00,0,0.00,sem_registro,afetado_sem_registro,afetado_sem_registro
4319158,São Miguel das Missões,"São Miguel das Missões, Rio Grande do Sul, Brasil",1,0,0.00,0.00,0.00,0,0.00,sem_registro,afetado_sem_registro,afetado_sem_registro
4319372,São Pedro do Butiá,"São Pedro do Butiá, Rio Grande do Sul, Brasil",1,0,0.00,0.00,0.00,0,0.00,sem_registro,afetado_sem_registro,afetado_sem_registro
4319737,São Valério do Sul,"São Valério do Sul, Rio Grande do Sul, Brasil",1,0,0.00,0.00,0.00,0,0.00,sem_registro,afetado_sem_registro,afetado_sem_registro
4320859,Tabaí,"Tabaí, Rio Grande do Sul, Brasil",1,0,0.00,0.00,0.00,0,0.00,sem_registro,afetado_sem_registro,afetado_sem_registro
4321006,Tapera,"Tapera, Rio Grande do Sul, Brasil",1,0,0.00,0.00,0.00,0,0.00,sem_registro,afetado_sem_registro,afetado_sem_registro
4321329,Taquaruçu do Sul,"Taquaruçu do Sul, Rio Grande do Sul, Brasil",1,0,0.00,0.00,0.00,0,0.00,sem_registro,afetado_sem_registro,afetado_sem_registro
4321352,Tavares,"Tavares, Rio Grande do Sul, Brasil",1,0,0.00,0.00,0.00,0,0.00,sem_registro,afetado_sem_registro,afetado_sem_registro
4321402,Tenente Portela,"Tenente Portela, Rio Grande do Sul, Brasil",1,0,0.00,0.00,0.00,0,0.00,sem_registro,afetado_sem_registro,afetado_sem_registro
4321436,Terra de Areia,"Terra de Areia, Rio Grande do Sul, Brasil",1,0,0.00,0.00,0.00,0,0.00,sem_registro,afetado_sem_registro,afetado_sem_registro
4321451,Teutônia,"Teutônia, Rio Grande do Sul, Brasil",1,0,0.00,0.00,0.00,0,0.00,sem_registro,afetado_sem_registro,afetado_sem_registro
4321501,Torres,"Torres, Rio Grande do Sul, Brasil",1,0,0.00,0.00,0.00,0,0.00,sem_registro,afetado_sem_registro,afetado_sem_registro
4321600,Tramandaí,"Tramandaí, Rio Grande do Sul, Brasil",1,0,0.00,0.00,0.00,0,0.00,sem_registro,afetado_sem_registro,afetado_sem_registro
4321808,Três de Maio,"Três de Maio, Rio Grande do Sul, Brasil",1,0,0.00,0.00,0.00,0,0.00,sem_registro,afetado_sem_registro,afetado_sem_registro
4322103,Tucunduva,"Tucunduva, Rio Grande do Sul, Brasil",1,0,0.00,0.00,0.00,0,0.00,sem_registro,afetado_sem_registro,afetado_sem_registro
4322186,Tupanci do Sul,"Tupanci do Sul, Rio Grande do Sul, Brasil",1,0,0.00,0.00,0.00,0,0.00,sem_registro,afetado_sem_registro,afetado_sem_registro
4322301,Tuparendi,"Tuparendi, Rio Grande do Sul, Brasil",1,0,0.00,0.00,0.00,0,0.00,sem_registro,afetado_sem_registro,afetado_sem_registro
4322327,Turuçu,"Turuçu, Rio Grande do Sul, Brasil",1,0,0.00,0.00,0.00,0,0.00,sem_registro,afetado_sem_registro,afetado_sem_registro
4322376,Unistalda,"Unistalda, Rio Grande do Sul, Brasil",1,0,0.00,0.00,0.00,0,0.00,sem_registro,afetado_sem_registro,afetado_sem_registro
4322558,Vanini,"Vanini, Rio Grande do Sul, Brasil",1,0,0.00,0.00,0.00,0,0.00,sem_registro,afetado_sem_registro,afetado_sem_registro
4323002,Viamão,"Viamão, Rio Grande do Sul, Brasil",1,0,0.00,0.00,0.00,0,0.00,sem_registro,afetado_sem_registro,afetado_sem_registro
4323200,Victor Graeff,"Victor Graeff, Rio Grande do Sul, Brasil",1,0,0.00,0.00,0.00,0,0.00,sem_registro,afetado_sem_registro,afetado_sem_registro
4323309,Vila Flores,"Vila Flores, Rio Grande do Sul, Brasil",1,0,0.00,0.00,0.00,0,0.00,sem_registro,afetado_sem_registro,afetado_sem_registro
4323507,Vista Alegre,"Vista Alegre, Rio Grande do Sul, Brasil",1,0,0.00,0.00,0.00,0,0.00,sem_registro,afetado_sem_registro,afetado_sem_registro
4301552,Áurea,"Áurea, Rio Grande do Sul, Brasil",1,0,0.00,0.00,0.00,0,0.00,sem_registro,afetado_sem_registro,afetado_sem_registro
