data,chave_municipal,processo,empenho,cnpj,credor,recurso,valor
2024-09-26,4310751,24080400010231,24005579303,55397324000105,Fundo Mun Defesa Civil de Ivora,Judiciário,784883.72
2024-09-06,4305355,24080400009900,24005171712,55683798000105,Fundo Mun Prot e Defesa Civil de Charqueadas,Judiciário,2093023.26
2024-09-04,4309308,24080400009624,24005056879,55195693000107,Fundo Mun Protecao e Defesa Civil de Guaiba,Judiciário,3924418.6
2024-08-22,4308433,24080400009187,24004790061,54040958000135,Fundo Mun Defesa Civil Forquetinha,Judiciário,784883.72
2024-08-12,4300604,24080400008814,24004545202,55522654000177,Fundo Mun Defesa Civil de Alvorada,Judiciário,5232558.14
2024-08-09,4314555,24080400008091,24004141526,55758602000102,Fundo Mun Defesa Civil de Pirapo,Tesouro,200000.0
2024-08-02,4314555,24080400008091,24004141526,55758602000102,Fundo Mun Defesa Civil de Pirapo,Tesouro,-400000.0
2024-08-01,4314555,24080400008091,24004141526,55758602000102,Fundo Mun Defesa Civil de Pirapo,Tesouro,400000.0
2024-07-29,4314555,24080400008091,24004141526,55758602000102,Fundo Mun Defesa Civil de Pirapo,Tesouro,-400000.0
2024-07-26,4303103,24080400008075,24004137227,53288203000191,Fundo Mun Defesa Civil de Cachoeirinha,Tesouro,350000.0
2024-07-26,4300604,24080400008091,24004138034,55522654000177,Fundo Mun Defesa Civil de Alvorada,Tesouro,200000.0
2024-07-26,4300877,24080400008091,24004138244,54990677000143,Fundo Mun Prot Defesa Civil de Ararica,Tesouro,200000.0
2024-07-26,4301305,24080400008091,24004139879,53126924000103,Fundo Munic Defesa Civil Arroio Grande,Tesouro,200000.0
2024-07-26,4301602,24080400008091,24004139883,53481476000158,Fundo Mun Defesa Civil de Bage,Tesouro,200000.0
2024-07-26,4303103,24080400008091,24004140940,53288203000191,Fundo Mun Defesa Civil de Cachoeirinha,Tesouro,200000.0
2024-07-26,4304614,24080400008091,24004140952,53878144000101,Fundo Mun Prot Defesa Civil Canudos do Vale,Tesouro,200000.0
2024-07-26,4304804,24080400008091,24004141083,26341864000160,Pref Mun de Carlos Barbosa,Tesouro,200000.0
2024-07-26,4309258,24080400008091,24004141145,55551665000185,Fundo Mun Prot Defesa Civil de Guabiju,Tesouro,200000.0
2024-07-26,4309654,24080400008091,24004141299,53189269000124,Pref Mun de Hulha Negra,Tesouro,200000.0
2024-07-26,4310603,24080400008091,24004141387,53180095000139,Fundo Munic Defesa Civil Itaqui,Tesouro,200000.0
2024-07-26,4311643,24080400008091,24004141460,55645864000152,Fundo Mun Prot e Defesa Civil de Linha Nova,Tesouro,200000.0
2024-07-26,4311734,24080400008091,24004141508,55096981000104,Fundo Mun Prot Defesa Civil de Mampituba,Tesouro,200000.0
2024-07-26,4314555,24080400008091,24004141526,55758602000102,Fundo Mun Defesa Civil de Pirapo,Tesouro,400000.0
2024-07-26,4314902,24080400008091,24004141541,55858276000105,Fundo Mun Defesa Civil de Porto Alegre,Tesouro,200000.0
2024-07-26,4316402,24080400008091,24004141568,55312401000179,Fundo Mun Defesa Civil Rosario do Sul,Tesouro,200000.0
2024-07-26,4317608,24080400008091,24004141610,34844830000117,Fundo Mun Def Civil Santo Antonio da Patrulha,Tesouro,200000.0
2024-07-26,4320305,24080400008091,24004141707,55623032000135,Fundo Mun Defesa Civil de Selbach,Tesouro,200000.0
2024-07-26,4321634,24080400008091,24004141745,53470302000190,Fundo Mun Protecao Defesa Civil Tres Arroios,Tesouro,200000.0
2024-07-26,4321667,24080400008091,24004141775,55805698000104,Fundo Mun Defesa Civil Tres Cachoeiras,Tesouro,200000.0
2024-07-26,4323754,24080400008091,24004141794,55927366000100,Fundo Mun Prot Def Civil Vitoria das Missoes,Tesouro,200000.0
2024-07-25,4303103,24080400008075,24004137227,53288203000191,Fundo Mun Defesa Civil de Cachoeirinha,Tesouro,-700000.0
2024-07-25,4302402,24080400008130,24004161281,53284270000138,Fundo Mun Defesa Civil Bom Retiro do Sul,Judiciário,1046511.63
2024-07-25,4303103,24080400008130,24004161514,53288203000191,Fundo Mun Defesa Civil de Cachoeirinha,Judiciário,4709302.33
2024-07-25,4306767,24080400008130,24004161605,53134303000163,Fundo Mun Defesa Civil Eldorado do Sul,Judiciário,2354651.16
2024-07-25,4311106,24080400008130,24004161618,53133824000104,Fundo Mun Defesa Civil de Jaguari,Judiciário,1046511.63
2024-07-25,4312609,24080400008130,24004161644,53164437000127,Fundo Mun Defesa Civil de Mucum,Judiciário,784883.72
2024-07-25,4315131,24080400008130,24004161735,55682307000101,Fundo Mun Defesa Civil de Pouso Novo,Judiciário,784883.72
2024-07-25,4316808,24080400008130,24004161746,55740978000181,Fundo Mun Defesa Civil de Santa Cruz do Sul,Judiciário,4709302.33
2024-07-25,4308300,24080400008237,24004158394,14862960000175,Fundo Mun Defesa Civil Fontoura Xavier,Judiciário,784883.72
2024-07-25,4308300,24080400008237,24004158579,14862960000175,Fundo Mun Defesa Civil Fontoura Xavier,Tesouro,200000.0
2024-07-25,4308300,24080400008237,24004158614,14862960000175,Fundo Mun Defesa Civil Fontoura Xavier,Tesouro,350000.0
2024-07-24,4301107,24080400008075,24004136968,55062207000182,Fundo Mun Defesa Civil Arroio dos Ratos,Tesouro,150000.0
2024-07-24,4301602,24080400008075,24004137081,53481476000158,Fundo Mun Defesa Civil de Bage,Tesouro,150000.0
2024-07-24,4303103,24080400008075,24004137227,53288203000191,Fundo Mun Defesa Civil de Cachoeirinha,Tesouro,700000.0
2024-07-24,4303400,24080400008075,24004137267,53113587000101,Pref Mun de Caicara,Tesouro,150000.0
2024-07-24,4309001,24080400008075,24004137292,53473923000127,Pref Mun de Girua,Tesouro,150000.0
2024-07-24,4309308,24080400008075,24004137311,55195693000107,Fundo Mun Protecao e Defesa Civil de Guaiba,Tesouro,350000.0
2024-07-24,4310603,24080400008075,24004137328,53180095000139,Fundo Munic Defesa Civil Itaqui,Tesouro,150000.0
2024-07-24,4311601,24080400008075,24004137355,20934248000137,Preefeitura Mun de Liberato Salzano,Tesouro,150000.0
2024-07-24,4314159,24080400008075,24004137405,55312117000100,Fundo Mun Defesa Civil de Paverama,Tesouro,150000.0
2024-07-24,4314902,24080400008075,24004137417,55858276000105,Fundo Mun Defesa Civil de Porto Alegre,Tesouro,350000.0
2024-07-24,4315008,24080400008075,24004137452,53105936000143,Fundo Mun Defesa Civil Porto Lucena,Tesouro,150000.0
2024-07-24,4316402,24080400008075,24004137485,55312401000179,Fundo Mun Defesa Civil Rosario do Sul,Tesouro,150000.0
2024-07-24,4317608,24080400008075,24004137511,34844830000117,Fundo Mun Def Civil Santo Antonio da Patrulha,Tesouro,150000.0
2024-07-24,4318101,24080400008075,24004137630,53155872000195,Fundo Mun Defesa Civil Sao Francisco de Assis,Tesouro,150000.0
2024-07-24,4320305,24080400008075,24004137681,55623032000135,Fundo Mun Defesa Civil de Selbach,Tesouro,150000.0
2024-07-24,4322350,24080400008075,24004137720,55727485000101,Fundo Mun Defesa Civil de Uniao da Serra,Tesouro,150000.0
2024-07-22,4314902,24080400007982,24003965608,55858276000105,Fundo Mun Defesa Civil de Porto Alegre,Judiciário,5232558.14
2024-07-18,4314902,24080400007982,24003965608,55858276000105,Fundo Mun Defesa Civil de Porto Alegre,Judiciário,-10465116.28
2024-07-17,4308805,24080400007982,24003964491,53291871000178,Fundo Mun Defesa Civil de General Camara,Judiciário,784883.72
2024-07-17,4313375,24080400007982,24003965119,55399849000171,Fundo Mun Prot Defesa Civil Nova Santa Rita,Judiciário,1831395.35
2024-07-17,4314902,24080400007982,24003965608,55858276000105,Fundo Mun Defesa Civil de Porto Alegre,Judiciário,10465116.28
2024-07-17,4322525,24080400007982,24003965782,53192204000138,Fundo Mun Defesa Civil de Vale Verde,Judiciário,784883.72
2024-07-12,4300802,24080400007761,24003892116,53444587000194,Pref Mun de Antonio Prado,Tesouro,150000.0
2024-07-12,4300877,24080400007761,24003892244,54990677000143,Fundo Mun Prot Defesa Civil de Ararica,Tesouro,150000.0
2024-07-12,4303004,24080400007761,24003892289,53180445000167,Pref Mun de Cachoeira do Sul,Tesouro,350000.0
2024-07-12,4304358,24080400007761,24003893586,53191030000199,Fundo Mun de Defesa Civil de Candiota,Tesouro,150000.0
2024-07-12,4305447,24080400007761,24003893918,55420580000168,Fundo Mun Defesa Civil de Chuvisca,Tesouro,150000.0
2024-07-12,4306353,24080400007761,24003893937,55287105000165,Fundo Mun Def Civil Dezesseis de Novembro,Tesouro,150000.0
2024-07-12,4308508,24080400007761,24003894167,53181460000120,Pref Mun de Frederico Westphalen,Tesouro,150000.0
2024-07-12,4312450,24080400007761,24003894530,53054377000190,Pref Mun de Morro Redondo,Tesouro,150000.0
2024-07-12,4312500,24080400007761,24003894678,55662880000153,Fundo Mun Defesa Civil de Mostardas,Tesouro,150000.0
2024-07-12,4313003,24080400007761,24003894696,55133741000132,Fundo Mun Defesa Civil Nova Brescia,Tesouro,150000.0
2024-07-12,4313201,24080400007761,24003894713,53201487000137,Fundo Mun Prot Defesa Civil Nova Petropolis,Tesouro,150000.0
2024-07-12,4314001,24080400007761,24003894775,53109764000186,Fundo Mun Prot e Defesa Civil de Parai,Tesouro,150000.0
2024-07-12,4316501,24080400007761,24003894788,18986003000101,Pref Mun de Salvador do Sul,Tesouro,150000.0
2024-07-12,4318481,24080400007761,24003895022,53216341000165,Fundo Mun Defesa Civil Sao Jose do Hortensio,Tesouro,150000.0
2024-07-12,4319901,24080400007761,24003895125,19073655000118,Fundo Municipal de Protecao Civil (fmpc),Tesouro,150000.0
2024-07-12,4320321,24080400007761,24003895250,53133685000100,Pref Mun Senador Salgado Filho,Tesouro,150000.0
2024-07-12,4321493,24080400007761,24003895390,55512134000183,Fundo Mun Prot Defesa Civil de Toropi,Tesouro,150000.0
2024-07-12,4321667,24080400007761,24003895405,55805698000104,Fundo Mun Defesa Civil Tres Cachoeiras,Tesouro,150000.0
2024-07-10,4308656,24080400007559,24003833323,54165441000172,Fundo Mun Defesa Civil de Garruchos,Tesouro,200000.0
2024-07-10,4309100,24080400007559,24003833633,55617256000134,Fundo Mun Prot Defesa Civil de Gramado,Tesouro,200000.0
2024-07-10,4310751,24080400007559,24003835703,55397324000105,Fundo Mun Defesa Civil de Ivora,Tesouro,200000.0
2024-07-10,4312203,24080400007559,24003835850,53158254000107,Pref Mun de Maximiliano de Almeida,Tesouro,200000.0
2024-07-10,4319356,24080400007559,24003836095,55572403000105,Fundo Mun Defesa Civil Sao Pedro da Serra,Tesouro,200000.0
2024-07-10,4309100,24080400007591,24003837122,55617256000134,Fundo Mun Prot Defesa Civil de Gramado,Judiciário,2354651.16
2024-07-10,4318507,24080400007591,24003837204,53175986000105,Fundo Mun da Defesa Civil de Sao Jose do Norte,Judiciário,1831395.35
2024-07-10,4300406,24080400007648,24003838915,53190448000181,Fundo Mun Defesa Civil de Alegrete,Tesouro,150000.0
2024-07-10,4301503,24080400007648,24003838963,55596083000115,Fundo Mun Defesa Civil Augusto Pestana,Tesouro,150000.0
2024-07-10,4304622,24080400007648,24003839036,53620652000195,Fundo Mun Defesa Civil Capao Bonito do Sul,Tesouro,150000.0
2024-07-10,4304804,24080400007648,24003839055,26341864000160,Pref Mun de Carlos Barbosa,Tesouro,150000.0
2024-07-10,4307815,24080400007648,24003839083,53292704000141,Fundo Mun de Defesa Civil Fumdec,Tesouro,150000.0
2024-07-10,4309100,24080400007648,24003839101,55617256000134,Fundo Mun Prot Defesa Civil de Gramado,Tesouro,350000.0
2024-07-10,4309555,24080400007648,24003839298,53034983000143,Pref Mun de Harmonia,Tesouro,150000.0
2024-07-10,4311304,24080400007648,24003840012,54484143000145,Fundo Mun Prot Defesa Civil de Lagoa Vermelha,Tesouro,150000.0
2024-07-10,4311759,24080400007648,24003840124,53094153000101,Fundo Mun Defesa Civil de Manoel Viana,Tesouro,150000.0
2024-07-10,4312906,24080400007648,24003840453,52874100000140,Pref Mun de Nova Bassano,Tesouro,150000.0
2024-07-10,4313300,24080400007648,24003842533,14077301000128,Pref Mun de Nova Prata,Tesouro,150000.0
2024-07-10,4314423,24080400007648,24003842739,53657456000195,Pref Mun de Picada Cafe,Tesouro,150000.0
2024-07-10,4318002,24080400007648,24003843076,53061063000114,Fundo Munic Defesa Civil de Sao Borja,Tesouro,150000.0
2024-07-10,4318440,24080400007648,24003843117,53086991000133,Pref Mun de Sao Jorge,Tesouro,150000.0
2024-07-10,4319000,24080400007648,24003843134,53201625000188,Pref Mun de Sao Marcos,Tesouro,150000.0
2024-07-10,4319307,24080400007648,24003843145,53158543000106,Pref Mun de Sao Paulo das Missoes,Tesouro,150000.0
2024-07-10,4319406,24080400007648,24003843269,23613481000106,Fundo Mun de Defesa Civil de Sao Pedro do Sul,Tesouro,150000.0
2024-07-10,4321832,24080400007648,24003843284,15426799000150,Fundo Mun de Defesa Civil de Tres Forquilhas,Tesouro,150000.0
2024-07-10,4322400,24080400007648,24003843312,53102995000168,Fundo Mun de Defesa Civil de Uruguaiana,Tesouro,150000.0
2024-07-10,4322525,24080400007648,24003843332,53192204000138,Fundo Mun Defesa Civil de Vale Verde,Tesouro,350000.0
2024-07-10,4323457,24080400007648,24003843361,55494588000179,Fundo Mun Prot Defesa Civil Vila Nova do Sul,Tesouro,150000.0
2024-07-08,4300307,24080400007494,24003788493,53135205000140,Pref Mun de Alecrim,Tesouro,150000.0
2024-07-08,4302303,24080400007494,24003788761,53192614000189,Fundo Mun Defesa Civil de Bom Jesus,Tesouro,150000.0
2024-07-08,4302451,24080400007494,24003788932,53198484000191,Fundo Mun Prot Defesa Civil Boqueirao do Leao,Tesouro,150000.0
2024-07-08,4302907,24080400007494,24003788939,54775730000193,Fundo Mun de Defesa Civil Cacequi,Tesouro,150000.0
2024-07-08,4304853,24080400007494,24003788956,53160576000182,Fundo Mun Prot Defesa Civil de Carlos Gomes,Tesouro,150000.0
2024-07-08,4308656,24080400007494,24003789000,54165441000172,Fundo Mun Defesa Civil de Garruchos,Tesouro,150000.0
2024-07-08,4309258,24080400007494,24003789020,55551665000185,Fundo Mun Prot Defesa Civil de Guabiju,Tesouro,150000.0
2024-07-08,4310553,24080400007494,24003789025,53144601000134,Fundo Mun Defesa Civil de Itacurubi,Tesouro,150000.0
2024-07-08,4312153,24080400007494,24003789092,55193065000192,Fundo Mun de Defesa Civil de Mato Leitao,Tesouro,150000.0
2024-07-08,4322509,24080400007494,24003789111,53164225000140,Pref Mun de Vacaria,Tesouro,150000.0
2024-07-05,4318705,24080400007273,24003654581,18804140000188,Fundo Municipa Defesa Civil Sao Leopoldo,Judiciário,5232558.14
2024-07-04,4305871,24080400006692,24003486494,19175078000175,Fundo Mun Prot e Defesa Civil Coronel Barros,Tesouro,150000.0
2024-07-04,4300851,24080400007273,24003654070,53048472000180,Pref Mun de Arambare,Judiciário,784883.72
2024-07-04,4303905,24080400007273,24003654150,53195877000141,Fundo Mun de Protecao de Defesa Civil Fumpdec,Judiciário,3139534.88
2024-07-04,4311403,24080400007273,24003654289,15399273000128,Fundo Mun Defesa Civil Lajeado,Judiciário,3924418.6
2024-07-04,4314407,24080400007273,24003654405,53160155000151,Fundo Munic Defesa Civil Pelotas,Judiciário,5232558.14
2024-07-04,4318408,24080400007273,24003654490,53113336000127,Pref Mun de Sao Jeronimo,Judiciário,1569767.44
2024-07-01,4304606,24080400006765,24003599076,55286824000161,Fundo Mun Prot e Defesa Civil de Canoas,Tesouro,350000.0
2024-07-01,4300208,24080400007150,24003596059,53179444000100,Fundo Mun Defesa Civil de Ajuricaba,Tesouro,200000.0
2024-07-01,4301503,24080400007150,24003596075,55596083000115,Fundo Mun Defesa Civil Augusto Pestana,Tesouro,200000.0
2024-07-01,4302303,24080400007150,24003596084,53192614000189,Fundo Mun Defesa Civil de Bom Jesus,Tesouro,200000.0
2024-07-01,4302584,24080400007150,24003596110,55267865000100,Fundo Mun Defesa Civil de Bozano,Tesouro,200000.0
2024-07-01,4302600,24080400007150,24003596167,53923311000199,Fundo Mun Defesa Civil de Braga,Tesouro,200000.0
2024-07-01,4306700,24080400007150,24003596181,55244681000125,Fundo Mun Defesa Civil de Dona Francisca,Tesouro,200000.0
2024-07-01,4310207,24080400007150,24003596301,53197636000131,Fundo Municipal Prot Defesa Civil de Ijui,Tesouro,200000.0
2024-07-01,4311429,24080400007150,24003596378,53203412000195,Pref Mun de Lajeado do Bugre,Tesouro,200000.0
2024-07-01,4310553,24080400007150,24003597025,53144601000134,Fundo Mun Defesa Civil de Itacurubi,Tesouro,200000.0
2024-07-01,4314175,24080400007150,24003598524,53181161000195,Pref Mun de Pedras Altas,Tesouro,200000.0
2024-07-01,4314423,24080400007150,24003598568,53657456000195,Pref Mun de Picada Cafe,Tesouro,200000.0
2024-07-01,4315172,24080400007150,24003598572,53187385000104,Pref Mun de Protasio Alves,Tesouro,200000.0
2024-07-01,4319109,24080400007150,24003598609,21206056000177,Fundo Mun Defesa Civil de Sao Martinho,Tesouro,200000.0
2024-07-01,4321105,24080400007150,24003598654,55511648000114,Fundo Mun Defesa Civil de Tapes,Tesouro,200000.0
2024-07-01,4323457,24080400007150,24003598802,55494588000179,Fundo Mun Prot Defesa Civil Vila Nova do Sul,Tesouro,200000.0
2024-06-28,4304606,24080400006765,24003599150,55286824000161,Fundo Mun Prot e Defesa Civil de Canoas,Judiciário,5232558.14
2024-06-27,4306809,24080400006803,24003576978,53113484000141,Fundo Mun Prot e Defesa Civil de Encantado,Judiciário,1569767.44
2024-06-27,4309753,24080400006803,24003576997,55132251000111,Fundo Mun Defesa Civil de Ibarama,Judiciário,784883.72
2024-06-27,4321709,24080400006803,24003577015,22749174000194,Fundo Mun de Defesa Civil de Tres Coroas,Judiciário,1831395.35
2024-06-27,4322608,24080400006803,24003577041,53099117000130,Pref Mun de Venancio Aires,Judiciário,3139534.88
2024-06-26,4311429,24080400006749,24003540869,53203412000195,Pref Mun de Lajeado do Bugre,Tesouro,150000.0
2024-06-25,4305871,24080400006692,24003486494,19175078000175,Fundo Mun Prot e Defesa Civil Coronel Barros,Tesouro,-300000.0
2024-06-25,4304408,24080400006749,24003539724,55234437000181,Fundo Mun Defesa Civil de Canela,Tesouro,150000.0
2024-06-25,4304614,24080400006749,24003539792,53878144000101,Fundo Mun Prot Defesa Civil Canudos do Vale,Tesouro,350000.0
2024-06-25,4305108,24080400006749,24003539838,53572821000169,Fundo Mun Prot Defesa Civil de Caxias do Sul,Tesouro,350000.0
2024-06-25,4306452,24080400006749,24003539928,53129401000102,Fundo Mun Defesa Civil Dois Lajeados,Tesouro,150000.0
2024-06-25,4306700,24080400006749,24003540072,55244681000125,Fundo Mun Defesa Civil de Dona Francisca,Tesouro,350000.0
2024-06-25,4310207,24080400006749,24003540528,53197636000131,Fundo Municipal Prot Defesa Civil de Ijui,Tesouro,150000.0
2024-06-25,4310652,24080400006749,24003540800,15375102000169,Fundo Munic Defesa Civil de Itati,Tesouro,150000.0
2024-06-25,4312401,24080400006749,24003541144,53157946000122,Pref Mun de Montenegro,Tesouro,350000.0
2024-06-25,4312443,24080400006749,24003541174,53158314000183,Pref Mun de Morrinhos do Sul,Tesouro,150000.0
2024-06-25,4313102,24080400006749,24003541199,54324554000173,Fundo Mun Protecao e Defesa Civil Nova Palma,Tesouro,350000.0
2024-06-25,4314548,24080400006749,24003541676,55513924000183,Fundo Mun Defesa Civil de Pinto Bandeira,Tesouro,150000.0
2024-06-25,4315172,24080400006749,24003541732,53187385000104,Pref Mun de Protasio Alves,Tesouro,150000.0
2024-06-25,4318903,24080400006749,24003541755,18450954000161,Fundo Mun de Defesa Civil Sao Luiz Gonzaga,Tesouro,150000.0
2024-06-25,4321105,24080400006749,24003541790,55511648000114,Fundo Mun Defesa Civil de Tapes,Tesouro,150000.0
2024-06-25,4322806,24080400006749,24003541927,53169431000142,Fundo Mun Defesa Civil de Veranopolis,Tesouro,350000.0
2024-06-24,4305871,24080400006692,24003486494,19175078000175,Fundo Mun Prot e Defesa Civil Coronel Barros,Tesouro,300000.0
2024-06-24,4311775,24080400006692,24003486787,15589183000108,Fundo Mun Defesa Civil de Maquine,Tesouro,350000.0
2024-06-24,4318804,24080400006692,24003487026,16812367000140,Fundo Mun Defesa Civil Sao Lourenco do Sul,Tesouro,350000.0
2024-06-21,4317251,24080400006498,24003414720,18929543000153,Fundo Mun da Defesa Civil de Santa Terez,Judiciário,784883.72
2024-06-21,4300208,24080400006692,24003486423,53179444000100,Fundo Mun Defesa Civil de Ajuricaba,Tesouro,150000.0
2024-06-21,4304697,24080400006692,24003486434,53446116000115,Pref Mun de Capitao,Tesouro,150000.0
2024-06-21,4306072,24080400006692,24003486607,53162355000143,Pref Mun de Cristal do Sul,Tesouro,150000.0
2024-06-21,4306130,24080400006692,24003486728,53799293000185,Fundo Mun Defesa Civil Fumdec,Tesouro,150000.0
2024-06-21,4312302,24080400006692,24003486833,53123057000144,Pref Mun de Miraguai,Tesouro,150000.0
2024-06-21,4313086,24080400006692,24003486855,53203184000153,Pref Mun de Nova Padua,Tesouro,150000.0
2024-06-21,4319208,24080400006692,24003487041,53075940000106,Pref Mun de Sao Nicolau,Tesouro,150000.0
2024-06-21,4322905,24080400006692,24003487046,52905546000195,Pref Mun de Viadutos,Tesouro,150000.0
2024-06-20,4317251,24080400006498,24003414720,18929543000153,Fundo Mun da Defesa Civil de Santa Terez,Judiciário,-1569767.44
2024-06-20,4300307,24080400006609,24003434393,53135205000140,Pref Mun de Alecrim,Tesouro,200000.0
2024-06-20,4301404,24080400006609,24003434449,53204778000189,Fundo Mun Prot Def Civil Fumpdec Arvorezinha,Tesouro,200000.0
2024-06-20,4302006,24080400006609,24003434474,53430679000115,Fundo Mun Defesa Civil Barros Cassal,Tesouro,200000.0
2024-06-20,4304408,24080400006609,24003434507,55234437000181,Fundo Mun Defesa Civil de Canela,Tesouro,200000.0
2024-06-20,4306767,24080400006609,24003434567,53134303000163,Fundo Mun Defesa Civil Eldorado do Sul,Tesouro,200000.0
2024-06-20,4307450,24080400006609,24003434621,53141079000137,Pref Mun de Esperanca do Sul,Tesouro,200000.0
2024-06-20,4311700,24080400006609,24003434768,55435138000105,Fundo Mun Defesa Civil de Machadinho,Tesouro,200000.0
2024-06-20,4312138,24080400006609,24003434870,53208531000130,Fundo Mun Prot Defesa Civil de Mato Castelhano,Tesouro,200000.0
2024-06-20,4312153,24080400006609,24003434906,55193065000192,Fundo Mun de Defesa Civil de Mato Leitao,Tesouro,200000.0
2024-06-20,4312351,24080400006609,24003434943,53459039000138,Fundo Especial Prot Defesa Civil de Montauri,Tesouro,200000.0
2024-06-20,4313375,24080400006609,24003434962,55399849000171,Fundo Mun Prot Defesa Civil Nova Santa Rita,Tesouro,200000.0
2024-06-20,4315107,24080400006609,24003435000,53119508000170,Pref Porto Xavier,Tesouro,200000.0
2024-06-20,4315149,24080400006609,24003435042,55320979000177,Fundo Mun Prot Defesa Civil Presidente Lucena,Tesouro,200000.0
2024-06-20,4317509,24080400006609,24003435075,53652760000140,Pref Mun de Santo Angelo,Tesouro,200000.0
2024-06-20,4318614,24080400006609,24003435125,28185057000121,Fundo Mun Protecao Defesa Civil Sao Jose do Su,Tesouro,200000.0
2024-06-20,4318903,24080400006609,24003435215,18450954000161,Fundo Mun de Defesa Civil Sao Luiz Gonzaga,Tesouro,200000.0
2024-06-20,4319901,24080400006609,24003435290,19073655000118,Fundo Municipal de Protecao Civil (fmpc),Tesouro,200000.0
2024-06-20,4322343,24080400006609,24003435353,53162361000109,Pref Mun de Ubiretama,Tesouro,200000.0
2024-06-20,4322533,24080400006609,24003435509,55321461000158,Fundo Mun Defesa Civil de Vale do Sol,Tesouro,200000.0
2024-06-20,4305447,24080400006617,24003435643,55420580000168,Fundo Mun Defesa Civil de Chuvisca,Tesouro,200000.0
2024-06-20,4312443,24080400006617,24003435682,53158314000183,Pref Mun de Morrinhos do Sul,Tesouro,200000.0
2024-06-20,4312450,24080400006617,24003435712,53054377000190,Pref Mun de Morro Redondo,Tesouro,200000.0
2024-06-20,4313300,24080400006617,24003435772,14077301000128,Pref Mun de Nova Prata,Tesouro,200000.0
2024-06-20,4315057,24080400006617,24003435801,53093531000132,Pref Mun de Porto Maua,Tesouro,200000.0
2024-06-20,4302105,24080400006633,24003432851,28819730000138,Fundo Munic Defesa Civil Bento Gonçalves,Judiciário,4447674.42
2024-06-20,4304614,24080400006633,24003432915,53878144000101,Fundo Mun Prot Defesa Civil Canudos do Vale,Judiciário,784883.72
2024-06-20,4314076,24080400006633,24003432943,23527728000171,Fundo Mun Defesa Civil Passo do Sobrado,Judiciário,784883.72
2024-06-20,4315453,24080400006633,24003433001,55114281000103,Fundo Mun Defesa Civl de Relvado,Judiciário,784883.72
2024-06-20,4322806,24080400006633,24003433092,53169431000142,Fundo Mun Defesa Civil de Veranopolis,Judiciário,1831395.35
2024-06-20,4304606,24080400006684,24003461034,55286824000161,Fundo Mun Prot e Defesa Civil de Canoas,Tesouro,200000.0
2024-06-19,4300109,24080400006374,24003416888,53165223000175,Fundo Mun Defesa Civil Agudo,Judiciário,1308139.53
2024-06-19,4301925,24080400006374,24003417034,52917070000102,Fundo Mun Defesa Civil Barra do Rio Azul,Judiciário,784883.72
2024-06-19,4305835,24080400006374,24003417068,53182772000158,Fundo Mun Prot Defesa Civil Coqueiro Baixo,Judiciário,784883.72
2024-06-19,4306700,24080400006374,24003417147,55244681000125,Fundo Mun Defesa Civil de Dona Francisca,Judiciário,784883.72
2024-06-19,4314035,24080400006374,24003417175,53181006000179,Pref Mun de Pareci Novo,Judiciário,784883.72
2024-06-19,4314050,24080400006374,24003417208,14332561000100,Fundo Mun de Defesa Civil de Parobe,Judiciário,2877906.98
2024-06-19,4314787,24080400006374,24003417243,53076012000166,Pref Mun de Ponte Preta,Judiciário,784883.72
2024-06-19,4318432,24080400006374,24003417269,55384824000102,Fundo Mun Defesa Civil Sao Joao do Polesine,Judiciário,784883.72
2024-06-19,4321204,24080400006374,24003417298,14129149000180,Pref Mun de Taquara,Judiciário,2877906.98
2024-06-19,4322855,24080400006374,24003417322,53140382000115,Fundo Mun de Defesa Civil Vespasiano Correa,Judiciário,784883.72
2024-06-19,4303004,24080400006498,24003402865,53180445000167,Pref Mun de Cachoeira do Sul,Judiciário,3401162.79
2024-06-19,4307807,24080400006498,24003402994,16790700000167,Fundo Mun de Defesa Civil de Estrela,Judiciário,2093023.26
2024-06-19,4312401,24080400006498,24003407321,53157946000122,Pref Mun de Montenegro,Judiciário,3139534.88
2024-06-19,4314068,24080400006498,24003407470,53181422000177,Fundo Mun Defesa Civil de Passa Sete,Judiciário,784883.72
2024-06-19,4315503,24080400006498,24003412083,54173568000133,Fundo Mun Prot Defesa Civil Restinga Seca,Judiciário,1308139.53
2024-06-19,4315800,24080400006498,24003412251,53178538000157,Fundo Mun Prot Defesa Civil Roca Sales,Judiciário,1046511.63
2024-06-19,4316006,24080400006498,24003412504,17963982000110,Fundo Mun Prot Defesa Civil de Rolante,Judiciário,1569767.44
2024-06-19,4316907,24080400006498,24003414556,54060951000185,Fundo Mun Defesa Civil de Santa Maria Fumdec,Judiciário,5232558.14
2024-06-19,4317251,24080400006498,24003414720,18929543000153,Fundo Mun da Defesa Civil de Santa Terez,Judiciário,1569767.44
2024-06-19,4318465,24080400006498,24003414824,55080859000140,Fundo Mun Defesa Civil Sao Jose do Herval,Judiciário,784883.72
2024-06-19,4319125,24080400006498,24003415102,53459561000110,Fundo Mun Defesa Civil Sao Martinho da Serra,Judiciário,784883.72
2024-06-19,4320602,24080400006498,24003415318,53093386000190,Pref Mun de Severiano de Almeida,Judiciário,784883.72
2024-06-19,4321303,24080400006498,24003415501,16418210000134,Pref Mun de Taquari,Judiciário,1831395.35
2024-06-19,4321626,24080400006498,24003415574,53966671000178,Fundo Mun Defesa Civil de Travesseiro,Judiciário,784883.72
2024-06-19,4304200,24080400006510,24003386047,18687035000106,Pref Mun de Candelaria,Judiciário,1831395.35
2024-06-19,4305108,24080400006510,24003386397,53572821000169,Fundo Mun Prot Defesa Civil de Caxias do Sul,Judiciário,5232558.14
2024-06-19,4305132,24080400006510,24003387819,23570124000108,Fundo Mun de Defesa Civil de Cerro Branco,Judiciário,784883.72
2024-06-19,4307708,24080400006510,24003388199,18392493000118,Fundo Mun de Defesa Civil Esteio,Judiciário,3401162.79
2024-06-19,4309407,24080400006510,24003388516,19371397000156,Fundo Mun Defesa Civil de Guapore,Judiciário,1831395.35
2024-06-19,4310108,24080400006510,24003389011,14901264000120,Fundo Mun Defesa Civil de Igrejinha,Judiciário,2093023.26
2024-06-19,4311775,24080400006510,24003389303,15589183000108,Fundo Mun Defesa Civil de Maquine,Judiciário,784883.72
2024-06-19,4313102,24080400006510,24003389543,54324554000173,Fundo Mun Protecao e Defesa Civil Nova Palma,Judiciário,784883.72
2024-06-19,4314027,24080400006510,24003389838,53853418000108,Fundo Municipal Defesa Civil de Paraiso do Sul,Judiciário,784883.72
2024-06-19,4314472,24080400006510,24003390051,55149457000154,Fundo Mun Defesa Civil Pinhal Grande,Judiciário,784883.72
2024-06-19,4315602,24080400006510,24003390230,26971029000104,Fundo Municipal Para Defesa Civil - Fumdec,Judiciário,5232558.14
2024-06-19,4315701,24080400006510,24003390453,53127723000112,Pref Mun de Rio Pardo,Judiciário,2093023.26
2024-06-19,4318804,24080400006510,24003390775,16812367000140,Fundo Mun Defesa Civil Sao Lourenco do Sul,Judiciário,2354651.16
2024-06-19,4319505,24080400006510,24003390957,52996083000114,Pref Mun de Sao Sebastiao do Cai,Judiciário,1831395.35
2024-06-19,4319752,24080400006510,24003391165,53132337000119,Pref Mun de Sao Vendelino,Judiciário,784883.72
2024-06-19,4320008,24080400006510,24003391362,53209348000150,Fundo Mun Defesa Civil Sapucaia do Sul,Judiciário,4709302.33
2024-06-19,4320677,24080400006510,24003391578,28132522000166,Fundo Mun Defesa Civil de Sinimbu,Judiciário,784883.72
2024-06-18,4301008,24080400006315,24003309630,19235388000138,Fundo Mun Prot Def Civil Arroio do Meio,Judiciário,1569767.44
2024-06-18,4301206,24080400006315,24003310546,53163925000110,Fundo Mun Defesa Civil de Arroio do Tigre,Judiciário,1046511.63
2024-06-18,4302352,24080400006315,24003310612,18765582000162,Fundo Mun Defesa Civil Bom Principio,Judiciário,1046511.63
2024-06-18,4305587,24080400006315,24003310691,53133549000110,Fundo Mun Defesa Civil de Colinas,Judiciário,784883.72
2024-06-18,4305959,24080400006315,24003310801,53179414000196,Pref Mun de Cotipora,Judiciário,784883.72
2024-06-18,4306205,24080400006315,24003311610,53106929000166,Fundo Mun Defesa Civil Cruzeiro do Sul,Judiciário,1046511.63
2024-06-18,4306759,24080400006315,24003311666,31373873000173,Fundo Mun Prot Defesa Civil Doutor Ricardo,Judiciário,784883.72
2024-06-18,4308003,24080400006315,24003311753,52938072000188,Fundo Mun Prot Defesa Civil Faxinal do Soturno,Judiciário,784883.72
2024-06-18,4308102,24080400006315,24003311790,53127203000100,Fundo Mun Prot Defesa Civil de Feliz,Judiciário,1308139.53
2024-06-18,4310363,24080400006315,24003312015,23511156000132,Imigrante Fundo Mun de Defesa Civil,Judiciário,784883.72
2024-06-18,4312054,24080400006315,24003313967,53163849000142,Pref Mun de Marques de Souza,Judiciário,784883.72
2024-06-18,4313409,24080400006315,24003314715,55152962000158,Fundo Mun Defesa Civil de Novo Hamburgo,Judiciário,5232558.14
2024-06-18,4319711,24080400006315,24003315502,23258357000170,Pref Mun de Sao Valentim do Sul,Judiciário,784883.72
2024-06-18,4315206,24080400006315,24003317647,54228724000116,Fundo Mun de Defesa Civil Putinga,Judiciário,784883.72
2024-06-18,4320263,24080400006315,24003320377,53165091000181,Pref Mun de Segredo,Judiciário,784883.72
2024-06-18,4320651,24080400006315,24003320403,55118337000190,Fundo Mun Defesa Civilfundec Silveira Martins,Judiciário,784883.72
2024-06-18,4320701,24080400006315,24003322282,53209898000179,Fundo Mun de Defesa Civil de Sobradinho Fumdec,Judiciário,1308139.53
2024-06-18,4322004,24080400006315,24003322314,55043182000170,Fundo Mun de Defesa Civil Fumdec,Judiciário,1831395.35
2024-06-18,4322707,24080400006315,24003322355,55097292000114,Fundo Mun Protecao e Defesa Civil de Vera Cruz,Judiciário,1831395.35
2024-06-17,4305132,24080400006269,24003285916,23570124000108,Fundo Mun de Defesa Civil de Cerro Branco,Tesouro,350000.0
2024-06-17,4308052,24080400006269,24003285987,53179688000185,Pref Mun de Faxinalzinho,Tesouro,150000.0
2024-06-17,4312138,24080400006269,24003286014,53208531000130,Fundo Mun Prot Defesa Civil de Mato Castelhano,Tesouro,150000.0
2024-06-17,4313391,24080400006269,24003286108,14983970000169,Fundo Mun Defesa Civil Novo Cabrais,Tesouro,150000.0
2024-06-17,4315321,24080400006269,24003286170,55157932000134,Fundo Mun Defesa Civil Quevedos,Tesouro,150000.0
2024-06-17,4315503,24080400006269,24003286252,54173568000133,Fundo Mun Prot Defesa Civil Restinga Seca,Tesouro,350000.0
2024-06-17,4318507,24080400006269,24003286287,53175986000105,Fundo Mun da Defesa Civil de Sao Jose do Norte,Tesouro,350000.0
2024-06-17,4320008,24080400006269,24003286334,53209348000150,Fundo Mun Defesa Civil Sapucaia do Sul,Tesouro,350000.0
2024-06-17,4321626,24080400006269,24003286388,53966671000178,Fundo Mun Defesa Civil de Travesseiro,Tesouro,350000.0
2024-06-17,4322855,24080400006269,24003286397,53140382000115,Fundo Mun de Defesa Civil Vespasiano Correa,Tesouro,350000.0
2024-06-14,4301404,24080400006277,24003284932,53204778000189,Fundo Mun Prot Def Civil Fumpdec Arvorezinha,Tesouro,150000.0
2024-06-14,4303905,24080400006277,24003285019,53195877000141,Fundo Mun de Protecao de Defesa Civil Fumpdec,Tesouro,350000.0
2024-06-13,4309753,24080400006196,24003260603,55132251000111,Fundo Mun Defesa Civil de Ibarama,Tesouro,350000.0
2024-06-13,4310702,24080400006196,24003260621,52998256000133,Pref Mun de Itatiba do Sul,Tesouro,150000.0
2024-06-13,4311239,24080400006196,24003260862,55085306000180,Fundo Mun Defesa Civil de Lagoa Bonita do Sul,Tesouro,150000.0
2024-06-13,4314787,24080400006196,24003260958,53076012000166,Pref Mun de Ponte Preta,Tesouro,350000.0
2024-06-13,4315453,24080400006196,24003261615,55114281000103,Fundo Mun Defesa Civl de Relvado,Tesouro,350000.0
2024-06-13,4317004,24080400006196,24003261671,53147380000158,Pref Mun de Santana da Boa Vista,Tesouro,150000.0
2024-06-13,4318200,24080400006196,24003262557,55149498000140,Fundo Mun Defesa Civil Sao Francisco de Paula,Tesouro,150000.0
2024-06-13,4318614,24080400006196,24003262715,28185057000121,Fundo Mun Protecao Defesa Civil Sao Jose do Su,Tesouro,150000.0
2024-06-13,4321477,24080400006196,24003262748,53180176000139,Pref Mun de Tiradentes do Sul,Tesouro,150000.0
2024-06-13,4322541,24080400006196,24003262850,20717448000138,Pref Mun de Vale Real,Tesouro,150000.0
2024-06-13,4300851,24080400006242,24003263266,53048472000180,Pref Mun de Arambare,Tesouro,200000.0
2024-06-13,4308052,24080400006242,24003265427,53179688000185,Pref Mun de Faxinalzinho,Tesouro,200000.0
2024-06-13,4308904,24080400006242,24003265482,20510741000120,Pref Mun de Getulio Vargas,Tesouro,200000.0
2024-06-13,4313425,24080400006242,24003265580,53039546000112,Pref Mun de Novo Machado,Tesouro,200000.0
2024-06-13,4314159,24080400006242,24003265596,55312117000100,Fundo Mun Defesa Civil de Paverama,Tesouro,200000.0
2024-06-13,4318432,24080400006242,24003265628,55384824000102,Fundo Mun Defesa Civil Sao Joao do Polesine,Tesouro,200000.0
2024-06-13,4322541,24080400006242,24003265653,20717448000138,Pref Mun de Vale Real,Tesouro,200000.0
2024-06-13,4322509,24080400006242,24003270613,53164225000140,Pref Mun de Vacaria,Tesouro,200000.0
2024-06-13,4302105,24080400006277,24003284967,28819730000138,Fundo Munic Defesa Civil Bento Gonçalves,Tesouro,350000.0
2024-06-13,4303558,24080400006277,24003284995,53099135000112,Fundo Mun Defesa Civil de Camargo,Tesouro,150000.0
2024-06-13,4309407,24080400006277,24003285068,19371397000156,Fundo Mun Defesa Civil de Guapore,Tesouro,350000.0
2024-06-13,4314472,24080400006277,24003285110,55149457000154,Fundo Mun Defesa Civil Pinhal Grande,Tesouro,350000.0
2024-06-13,4314779,24080400006277,24003285136,53203245000182,Pref Mun de Pontao,Tesouro,150000.0
2024-06-13,4315701,24080400006277,24003285155,53127723000112,Pref Mun de Rio Pardo,Tesouro,350000.0
2024-06-13,4317509,24080400006277,24003285225,53652760000140,Pref Mun de Santo Angelo,Tesouro,150000.0
2024-06-13,4318432,24080400006277,24003285251,55384824000102,Fundo Mun Defesa Civil Sao Joao do Polesine,Tesouro,350000.0
2024-06-13,4318457,24080400006277,24003285327,19116538000194,Pref Mun de Sao Jose das Missoes,Tesouro,150000.0
2024-06-13,4319703,24080400006277,24003285350,53072595000157,Fundo Mun Defesa Civil de Sao Valentim,Tesouro,150000.0
2024-06-13,4320263,24080400006277,24003285374,53165091000181,Pref Mun de Segredo,Tesouro,350000.0
2024-06-13,4320651,24080400006277,24003285408,55118337000190,Fundo Mun Defesa Civilfundec Silveira Martins,Tesouro,350000.0
2024-06-13,4320800,24080400006277,24003285498,53146533000142,Fundo Munic da Defesa Civil Soledade,Tesouro,150000.0
2024-06-13,4302584,24080400006277,24003285551,55267865000100,Fundo Mun Defesa Civil de Bozano,Tesouro,150000.0
2024-06-13,4305009,24080400006277,24003285734,15041549000100,Coord Mun Defesa Civil de Catuipe,Tesouro,150000.0
2024-06-12,4300570,24080400005998,24003229983,53170730000105,Pref Mun de Alto Feliz,Tesouro,150000.0
2024-06-12,4304101,24080400005998,24003230001,53053478000146,Pref Mun de Campos Borges,Tesouro,150000.0
2024-06-12,4305934,24080400005998,24003230020,53321989000100,Pref Mun de Coronel Pilar,Tesouro,150000.0
2024-06-12,4311106,24080400005998,24003230042,53133824000104,Fundo Mun Defesa Civil de Jaguari,Tesouro,350000.0
2024-06-12,4312757,24080400005998,24003230065,52992602000176,Pref Mun de Nova Alvorada,Tesouro,150000.0
2024-06-12,4313953,24080400005998,24003230099,53204598000105,Pref Mun de Pantano Grande,Tesouro,150000.0
2024-06-12,4315107,24080400005998,24003230264,53119508000170,Pref Porto Xavier,Tesouro,150000.0
2024-06-12,4315354,24080400005998,24003230296,53738783000171,Pref Mun de Quinze de Novembro,Tesouro,150000.0
2024-06-12,4319752,24080400005998,24003230351,53132337000119,Pref Mun de Sao Vendelino,Tesouro,350000.0
2024-06-12,4322251,24080400005998,24003230390,53015949000121,Pref Mun de Tupandi,Tesouro,150000.0
2024-06-12,4303202,24080400006129,24003227654,53088592000101,Pref Mun de Cacique Doble,Tesouro,150000.0
2024-06-12,4305405,24080400006129,24003227725,53201319000141,Pref Mun de Chiapetta,Tesouro,150000.0
2024-06-12,4305504,24080400006129,24003227815,53134804000140,Fundo Mun Defesa Civil de Ciriaco,Tesouro,150000.0
2024-06-12,4306809,24080400006129,24003227837,53113484000141,Fundo Mun Prot e Defesa Civil de Encantado,Tesouro,350000.0
2024-06-12,4306957,24080400006129,24003227861,53099266000108,Pref Mun de Entre Rios do Sul,Tesouro,150000.0
2024-06-12,4307203,24080400006129,24003229010,53053678000107,Pref Mun de Erval Grande,Tesouro,150000.0
2024-06-12,4308607,24080400006129,24003229051,53162231000168,Pref Mun de Garibaldi,Tesouro,150000.0
2024-06-12,4309126,24080400006129,24003229133,22534724000158,Municipio de Gramado dos Loureirios,Tesouro,150000.0
2024-06-12,4310009,24080400006129,24003229189,55193837000196,Fundo Mun Defesa Civil de Ibiruba,Tesouro,150000.0
2024-06-12,4310900,24080400006129,24003229226,18621208000193,Fundo Mun de Defesa Civil de Jacutinga,Tesouro,150000.0
2024-06-12,4312385,24080400006129,24003229262,28109535000114,Prefitura Mun de Monte Belo do Sul,Tesouro,150000.0
2024-06-12,4313441,24080400006129,24003229301,53028398000130,Fundo Mun Defesa Civil Novo Tiradentes,Tesouro,150000.0
2024-06-12,4314035,24080400006129,24003229335,53181006000179,Pref Mun de Pareci Novo,Tesouro,350000.0
2024-06-12,4316758,24080400006129,24003229358,55081751000171,Fundo Mun Defesa Civil Santa Clara do Sul,Tesouro,150000.0
2024-06-12,4317301,24080400006129,24003229469,53963551000117,Fundo Mun de Defesa Civil Fumdec,Tesouro,150000.0
2024-06-12,4318051,24080400006129,24003229523,22965753000174,Pref Mun de Sao Domingos do Sul,Tesouro,150000.0
2024-06-12,4319125,24080400006129,24003229546,53459561000110,Fundo Mun Defesa Civil Sao Martinho da Serra,Tesouro,350000.0
2024-06-12,4320677,24080400006129,24003229575,28132522000166,Fundo Mun Defesa Civil de Sinimbu,Tesouro,350000.0
2024-06-12,4320701,24080400006129,24003229780,53209898000179,Fundo Mun de Defesa Civil de Sobradinho Fumdec,Tesouro,350000.0
2024-06-12,4322608,24080400006129,24003229891,53099117000130,Pref Mun de Venancio Aires,Tesouro,350000.0
2024-06-11,4313003,24080400005912,24003217868,55133741000132,Fundo Mun Defesa Civil Nova Brescia,Tesouro,200000.0
2024-06-11,4315750,24080400005947,24003212082,53722473000169,Fundo Municipal de Defesa Civil de Riozinho,Tesouro,150000.0
2024-06-11,4317251,24080400005947,24003212289,18929543000153,Fundo Mun da Defesa Civil de Santa Terez,Tesouro,350000.0
2024-06-11,4315909,9999991400246,24002822209,20611585000193,Coord Mun Defesa Civil de Rodeio Bonito,Tesouro,200000.0
2024-06-10,4300851,24080400005840,24003184738,53048472000180,Pref Mun de Arambare,Tesouro,350000.0
2024-06-10,4302352,24080400005840,24003184766,18765582000162,Fundo Mun Defesa Civil Bom Principio,Tesouro,350000.0
2024-06-10,4305587,24080400005840,24003184793,53133549000110,Fundo Mun Defesa Civil de Colinas,Tesouro,350000.0
2024-06-10,4306304,24080400005840,24003184848,53177605000119,Fundo Mun de Defesa Civil de David Canabarro,Tesouro,150000.0
2024-06-10,4310363,24080400005840,24003184882,23511156000132,Imigrante Fundo Mun de Defesa Civil,Tesouro,350000.0
2024-06-10,4310413,24080400005840,24003184914,53640950000147,Pref Mun de Inhacora,Tesouro,150000.0
2024-06-10,4311007,24080400005840,24003184921,53172715000198,Pref Mun de Jaguarao,Tesouro,150000.0
2024-06-10,4315206,24080400005840,24003184927,54228724000116,Fundo Mun de Defesa Civil Putinga,Tesouro,350000.0
2024-06-10,4317558,24080400005840,24003184998,19281037000163,Pref Mun de Santo Antonio do Palma,Tesouro,150000.0
2024-06-10,4319711,24080400005840,24003185051,23258357000170,Pref Mun de Sao Valentim do Sul,Tesouro,350000.0
2024-06-10,4319505,24080400005912,24003185591,52996083000114,Pref Mun de Sao Sebastiao do Cai,Tesouro,200000.0
2024-06-10,4305603,24080400005912,24003210615,55264257000142,Fundo Mun de Protecao e Defesa Civil Colorado,Tesouro,200000.0
2024-06-10,4323770,24080400005912,24003210953,55209300000177,Fundo Mun Defesa Civil de Westfalia,Tesouro,200000.0
2024-06-10,4300703,24080400005947,24003211746,23842640000144,Pref Mun de Anta Gorda,Tesouro,150000.0
2024-06-10,4301206,24080400005947,24003211886,53163925000110,Fundo Mun Defesa Civil de Arroio do Tigre,Tesouro,350000.0
2024-06-10,4307104,24080400005947,24003211948,53187685000193,Pref Mun de Herval,Tesouro,150000.0
2024-06-10,4310108,24080400005947,24003211969,14901264000120,Fundo Mun Defesa Civil de Igrejinha,Tesouro,350000.0
2024-06-10,4316204,24080400005947,24003212256,53201537000186,Pref Mun de Rondinha,Tesouro,150000.0
2024-06-10,4321907,24080400005947,24003212337,53590463000117,Fundo Mun de Prot e Defesa Civil Tres Passos,Tesouro,150000.0
2024-06-10,4323606,24080400005947,24003212962,55138912000116,Fundo Mun Defesa Civil Vista Alegre do Prata,Tesouro,150000.0
2024-06-10,4323770,24080400005947,24003213013,55209300000177,Fundo Mun Defesa Civil de Westfalia,Tesouro,150000.0
2024-06-10,4314134,9999991400246,24002812530,53179256000174,Fundo Mun de Defesa Civil Fumdec,Tesouro,200000.0
2024-06-07,4306908,24080400005777,24003138528,53187272000109,Pref Mun de Encruzilhada do Sul,Tesouro,150000.0
2024-06-07,4307708,24080400005777,24003138573,18392493000118,Fundo Mun de Defesa Civil Esteio,Tesouro,350000.0
2024-06-07,4312476,24080400005777,24003138605,53620208000170,Fundo Mun Protecao Defesa Civil Morro Reuter,Tesouro,150000.0
2024-06-07,4313490,24080400005777,24003138923,19399497000190,Prfeitura Mun de Novo Barreiro,Tesouro,150000.0
2024-06-07,4313466,24080400005777,24003139213,53099656000170,Pref Mun Novo Xingu,Tesouro,150000.0
2024-06-07,4314076,24080400005777,24003139230,23527728000171,Fundo Mun Defesa Civil Passo do Sobrado,Tesouro,350000.0
2024-06-07,4314506,24080400005777,24003139256,53127336000186,Pref Mun de Pinheiro Machado,Tesouro,150000.0
2024-06-07,4315602,24080400005777,24003139336,26971029000104,Fundo Municipal Para Defesa Civil - Fumdec,Tesouro,350000.0
2024-06-07,4321204,24080400005777,24003139383,14129149000180,Pref Mun de Taquara,Tesouro,350000.0
2024-06-07,4322152,24080400005777,24003139407,53179950000191,Pref Mun de Tunas,Tesouro,150000.0
2024-06-05,4311627,24080400005173,24003030197,19116971000120,Fundo Mun Defesa Civil de Lindolfo Collor,Tesouro,200000.0
2024-06-05,4302659,24080400005335,24003048355,55165961000148,Fundo Mun Prot e Defesa Civil de Brochier,Tesouro,200000.0
2024-06-05,4316477,24080400005335,24003048377,55061271000149,Fundo Mun Defesa Civil Salvador das Missoes,Tesouro,200000.0
2024-06-05,4319802,24080400005335,24003048402,55197797000150,Fundo Mun Prot Defesa Civil Sao Vicente do Sul,Tesouro,200000.0
2024-06-05,4301008,24080400005386,24003046974,19235388000138,Fundo Mun Prot Def Civil Arroio do Meio,Tesouro,350000.0
2024-06-05,4304200,24080400005386,24003047008,18687035000106,Pref Mun de Candelaria,Tesouro,350000.0
2024-06-05,4305959,24080400005386,24003047046,53179414000196,Pref Mun de Cotipora,Tesouro,350000.0
2024-06-05,4307807,24080400005386,24003047079,16790700000167,Fundo Mun de Defesa Civil de Estrela,Tesouro,350000.0
2024-06-05,4308102,24080400005386,24003047091,53127203000100,Fundo Mun Prot Defesa Civil de Feliz,Tesouro,350000.0
2024-06-05,4308805,24080400005386,24003047118,53291871000178,Fundo Mun Defesa Civil de General Camara,Tesouro,350000.0
2024-06-05,4314407,24080400005386,24003047128,53160155000151,Fundo Munic Defesa Civil Pelotas,Tesouro,350000.0
2024-06-05,4316006,24080400005386,24003047149,17963982000110,Fundo Mun Prot Defesa Civil de Rolante,Tesouro,350000.0
2024-06-05,4321709,24080400005386,24003047170,22749174000194,Fundo Mun de Defesa Civil de Tres Coroas,Tesouro,350000.0
2024-06-05,4322707,24080400005386,24003047195,55097292000114,Fundo Mun Protecao e Defesa Civil de Vera Cruz,Tesouro,350000.0
2024-06-05,4301651,24080400005424,24003047558,53253814000102,Pref Mun de Barao,Tesouro,150000.0
2024-06-05,4304689,24080400005424,24003047587,55124776000105,Fundo Mun Defesa Civil Capela de Santana,Tesouro,150000.0
2024-06-05,4307005,24080400005424,24003047645,53099510000124,Fundo Mun Defesa Civil de Erechim,Tesouro,150000.0
2024-06-05,4307864,24080400005424,24003047677,55118457000197,Fundo Mun Defesa Civil de Fagundes Varela,Tesouro,150000.0
2024-06-05,4307906,24080400005424,24003047754,21548749000148,Fundo Mun Prot e Defesa Civil de Farroupilha,Tesouro,150000.0
2024-06-05,4308201,24080400005424,24003047782,53163776000199,Prfeitura Mun de Flores da Cunha,Tesouro,150000.0
2024-06-05,4310579,24080400005424,24003047832,55084930000162,Fundo Mun de Protecao e Defesa Civil Fumpdec,Tesouro,150000.0
2024-06-05,4300109,24080400005629,24003049295,53165223000175,Fundo Mun Defesa Civil Agudo,Tesouro,350000.0
2024-06-05,4305835,24080400005629,24003049301,53182772000158,Fundo Mun Prot Defesa Civil Coqueiro Baixo,Tesouro,350000.0
2024-06-05,4306007,24080400005629,24003049302,18096217000102,Pref Mun de Crissiumal,Tesouro,150000.0
2024-06-05,4306205,24080400005629,24003049362,53106929000166,Fundo Mun Defesa Civil Cruzeiro do Sul,Tesouro,350000.0
2024-06-05,4306759,24080400005629,24003049378,31373873000173,Fundo Mun Prot Defesa Civil Doutor Ricardo,Tesouro,350000.0
2024-06-05,4308003,24080400005629,24003049386,52938072000188,Fundo Mun Prot Defesa Civil Faxinal do Soturno,Tesouro,350000.0
2024-06-05,4311791,24080400005629,24003049395,28004616000150,Fundo Mun de Defesa Civil de Marata,Tesouro,150000.0
2024-06-05,4313037,24080400005629,24003049482,53158724000124,Pref Mun de Nova Esperanca do Sul,Tesouro,150000.0
2024-06-05,4319505,24080400005629,24003049502,52996083000114,Pref Mun de Sao Sebastiao do Cai,Tesouro,350000.0
2024-06-05,4322004,24080400005629,24003049853,55043182000170,Fundo Mun de Defesa Civil Fumdec,Tesouro,350000.0
2024-06-04,4304309,24080400005211,24002976826,14945397000107,Pref Mun de Candido Godoi,Tesouro,200000.0
2024-06-04,4304689,24080400005211,24003018134,55124776000105,Fundo Mun Defesa Civil Capela de Santana,Tesouro,200000.0
2024-06-04,4310009,24080400005211,24003018158,55193837000196,Fundo Mun Defesa Civil de Ibiruba,Tesouro,200000.0
2024-06-04,4307708,9999991400246,24002811085,18392493000118,Fundo Mun de Defesa Civil Esteio,Tesouro,200000.0
2024-06-04,4318200,9999991400246,24002869440,55149498000140,Fundo Mun Defesa Civil Sao Francisco de Paula,Tesouro,200000.0
2024-06-03,4305108,24080400005130,24002975732,53572821000169,Fundo Mun Prot Defesa Civil de Caxias do Sul,Tesouro,200000.0
2024-06-03,4310108,24080400005130,24002975931,14901264000120,Fundo Mun Defesa Civil de Igrejinha,Tesouro,200000.0
2024-06-03,4310306,24080400005130,24002975980,55078656000119,Fundo Mun Defesa Civil de Ilopolis,Tesouro,200000.0
2024-06-03,4311007,24080400005130,24002976034,53172715000198,Pref Mun de Jaguarao,Tesouro,200000.0
2024-06-03,4314605,24080400005130,24002976067,53213888000107,Fundo Mun Defesa Civil de Piratini,Tesouro,200000.0
2024-06-03,4300638,24080400005173,24002976738,53215243000103,Pref Mun de Amaral Ferrador,Tesouro,200000.0
2024-06-03,4313409,24080400005173,24002976773,55152962000158,Fundo Mun Defesa Civil de Novo Hamburgo,Tesouro,200000.0
2024-06-03,4317954,24080400005173,24002976807,53178260000118,Pref Mun de Santo Expedito do Sul,Tesouro,200000.0
2024-06-03,4310579,9999991400246,24002812652,55084930000162,Fundo Mun de Protecao e Defesa Civil Fumpdec,Tesouro,200000.0
2024-05-31,4307708,9999991400246,24002811085,18392493000118,Fundo Mun de Defesa Civil Esteio,Tesouro,-400000.0
2024-05-31,4316907,9999991400246,24002812664,54060951000185,Fundo Mun Defesa Civil de Santa Maria Fumdec,Tesouro,200000.0
2024-05-31,4311791,9999991400246,24002821626,28004616000150,Fundo Mun de Defesa Civil de Marata,Tesouro,200000.0
2024-05-31,4315321,9999991400246,24002821789,55157932000134,Fundo Mun Defesa Civil Quevedos,Tesouro,200000.0
2024-05-31,4318200,9999991400246,24002869440,55149498000140,Fundo Mun Defesa Civil Sao Francisco de Paula,Tesouro,-400000.0
2024-05-29,4300554,24080400005122,24002913553,55135900000138,Fundo Mun Defesa Civil de Alto Alegre,Tesouro,200000.0
2024-05-29,4302352,24080400005122,24002913611,18765582000162,Fundo Mun Defesa Civil Bom Principio,Tesouro,200000.0
2024-05-29,4305124,24080400005122,24002913618,53204866000180,Pref Mun de Cerrito,Tesouro,200000.0
2024-05-29,4306379,24080400005122,24002913624,55208662000143,Fundo Mun Defesa Civil Dilermando de Aguiar,Tesouro,200000.0
2024-05-29,4309308,24080400005122,24002913669,55195693000107,Fundo Mun Protecao e Defesa Civil de Guaiba,Tesouro,200000.0
2024-05-29,4315008,24080400005122,24002913672,53105936000143,Fundo Mun Defesa Civil Porto Lucena,Tesouro,200000.0
2024-05-29,4321303,24080400005122,24002913684,16418210000134,Pref Mun de Taquari,Tesouro,200000.0
2024-05-29,4309753,24080400005122,24002914079,55132251000111,Fundo Mun Defesa Civil de Ibarama,Tesouro,200000.0
2024-05-29,4313706,24080400005122,24002914087,53063519000185,Pref Mun de Palmeira das Missoes,Tesouro,200000.0
2024-05-29,4314027,24080400005122,24002914105,53853418000108,Fundo Municipal Defesa Civil de Paraiso do Sul,Tesouro,200000.0
2024-05-29,4314209,24080400005122,24002914116,53192438000185,Pref Mun de Pedro Osorio,Tesouro,200000.0
2024-05-29,4320651,24080400005122,24002914140,55118337000190,Fundo Mun Defesa Civilfundec Silveira Martins,Tesouro,200000.0
2024-05-29,4318309,9999991400246,24002780489,53196650000110,Pref Mun de Sao Gabriel,Tesouro,200000.0
2024-05-29,4307708,9999991400246,24002811085,18392493000118,Fundo Mun de Defesa Civil Esteio,Tesouro,400000.0
2024-05-29,4300802,9999991400246,24002869028,53444587000194,Pref Mun de Antonio Prado,Tesouro,200000.0
2024-05-29,4301651,9999991400246,24002869066,53253814000102,Pref Mun de Barao,Tesouro,200000.0
2024-05-29,4303673,9999991400246,24002869101,53161326000167,Pref Mun de Campestre da Serra,Tesouro,200000.0
2024-05-29,4304622,9999991400246,24002869113,53620652000195,Fundo Mun Defesa Civil Capao Bonito do Sul,Tesouro,200000.0
2024-05-29,4307864,9999991400246,24002869206,55118457000197,Fundo Mun Defesa Civil de Fagundes Varela,Tesouro,200000.0
2024-05-29,4307906,9999991400246,24002869256,21548749000148,Fundo Mun Prot e Defesa Civil de Farroupilha,Tesouro,200000.0
2024-05-29,4308201,9999991400246,24002869326,53163776000199,Prfeitura Mun de Flores da Cunha,Tesouro,200000.0
2024-05-29,4312385,9999991400246,24002869364,28109535000114,Prefitura Mun de Monte Belo do Sul,Tesouro,200000.0
2024-05-29,4313086,9999991400246,24002869380,53203184000153,Pref Mun de Nova Padua,Tesouro,200000.0
2024-05-29,4318200,9999991400246,24002869440,55149498000140,Fundo Mun Defesa Civil Sao Francisco de Paula,Tesouro,400000.0
2024-05-29,4318424,9999991400246,24002869470,53113800000185,Fundo Mun Prot Defesa Civil Sao Joao da Urtiga,Tesouro,200000.0
2024-05-29,4318481,9999991400246,24002869584,53216341000165,Fundo Mun Defesa Civil Sao Jose do Hortensio,Tesouro,200000.0
2024-05-29,4319000,9999991400246,24002869615,53201625000188,Pref Mun de Sao Marcos,Tesouro,200000.0
2024-05-29,4323606,9999991400246,24002869650,55138912000116,Fundo Mun Defesa Civil Vista Alegre do Prata,Tesouro,200000.0
2024-05-28,4316758,9999991400246,24002861788,55081751000171,Fundo Mun Defesa Civil Santa Clara do Sul,Tesouro,200000.0
2024-05-24,4316758,9999991400246,24002861788,55081751000171,Fundo Mun Defesa Civil Santa Clara do Sul,Tesouro,-400000.0
2024-05-23,4307708,9999991400246,24002811085,18392493000118,Fundo Mun de Defesa Civil Esteio,Tesouro,-400000.0
2024-05-23,4314134,9999991400246,24002812530,53179256000174,Fundo Mun de Defesa Civil Fumdec,Tesouro,-400000.0
2024-05-23,4310579,9999991400246,24002812652,55084930000162,Fundo Mun de Protecao e Defesa Civil Fumpdec,Tesouro,-400000.0
2024-05-23,4316907,9999991400246,24002812664,54060951000185,Fundo Mun Defesa Civil de Santa Maria Fumdec,Tesouro,-400000.0
2024-05-23,4311791,9999991400246,24002821626,28004616000150,Fundo Mun de Defesa Civil de Marata,Tesouro,-400000.0
2024-05-23,4315321,9999991400246,24002821789,55157932000134,Fundo Mun Defesa Civil Quevedos,Tesouro,-400000.0
2024-05-23,4315909,9999991400246,24002822209,20611585000193,Coord Mun Defesa Civil de Rodeio Bonito,Tesouro,-400000.0
2024-05-23,4304200,9999991400246,24002843133,18687035000106,Pref Mun de Candelaria,Tesouro,200000.0
2024-05-23,4304358,9999991400246,24002843318,53191030000199,Fundo Mun de Defesa Civil de Candiota,Tesouro,200000.0
2024-05-23,4304853,9999991400246,24002843322,53160576000182,Fundo Mun Prot Defesa Civil de Carlos Gomes,Tesouro,200000.0
2024-05-23,4306320,9999991400246,24002843383,53208284000172,Fundo Mun de Defesa Civil Fundec Derrubadas,Tesouro,200000.0
2024-05-23,4306734,9999991400246,24002843507,53031202000167,Pref Mun de Doutor Mauricio Cardoso,Tesouro,200000.0
2024-05-23,4315602,9999991400246,24002843554,26971029000104,Fundo Municipal Para Defesa Civil - Fumdec,Tesouro,200000.0
2024-05-23,4320263,9999991400246,24002843639,53165091000181,Pref Mun de Segredo,Tesouro,200000.0
2024-05-23,4316758,9999991400246,24002861788,55081751000171,Fundo Mun Defesa Civil Santa Clara do Sul,Tesouro,400000.0
2024-05-23,4320453,9999991400246,24002861827,55142570000108,Fundo Mun de Defesa Civil de Serio,Tesouro,200000.0
2024-05-22,4321709,9999991400246,24002807482,22749174000194,Fundo Mun de Defesa Civil de Tres Coroas,Tesouro,200000.0
2024-05-22,4300570,9999991400246,24002810881,53170730000105,Pref Mun de Alto Feliz,Tesouro,200000.0
2024-05-22,4322004,9999991400246,24002810885,55043182000170,Fundo Mun de Defesa Civil Fumdec,Tesouro,200000.0
2024-05-22,4302055,9999991400246,24002810926,52900833000102,Pref Mun de Benjamin Constant do Sul,Tesouro,200000.0
2024-05-22,4302907,9999991400246,24002811008,54775730000193,Fundo Mun de Defesa Civil Cacequi,Tesouro,200000.0
2024-05-22,4303202,9999991400246,24002811020,53088592000101,Pref Mun de Cacique Doble,Tesouro,200000.0
2024-05-22,4306130,9999991400246,24002811049,53799293000185,Fundo Mun Defesa Civil Fumdec,Tesouro,200000.0
2024-05-22,4303400,9999991400246,24002811054,53113587000101,Pref Mun de Caicara,Tesouro,200000.0
2024-05-22,4313102,9999991400246,24002811064,54324554000173,Fundo Mun Protecao e Defesa Civil Nova Palma,Tesouro,200000.0
2024-05-22,4305306,9999991400246,24002811069,53195934000192,Pref Mun de Chapada,Tesouro,200000.0
2024-05-22,4307708,9999991400246,24002811085,18392493000118,Fundo Mun de Defesa Civil Esteio,Tesouro,400000.0
2024-05-22,4305587,9999991400246,24002811086,53133549000110,Fundo Mun Defesa Civil de Colinas,Tesouro,200000.0
2024-05-22,4306809,9999991400246,24002811099,53113484000141,Fundo Mun Prot e Defesa Civil de Encantado,Tesouro,200000.0
2024-05-22,4306908,9999991400246,24002811120,53187272000109,Pref Mun de Encruzilhada do Sul,Tesouro,200000.0
2024-05-22,4309159,9999991400246,24002811133,53410128000190,Pref Mun de Gramado Xavier,Tesouro,200000.0
2024-05-22,4311601,9999991400246,24002811177,20934248000137,Preefeitura Mun de Liberato Salzano,Tesouro,200000.0
2024-05-22,4313201,9999991400246,24002811192,53201487000137,Fundo Mun Prot Defesa Civil Nova Petropolis,Tesouro,200000.0
2024-05-22,4314001,9999991400246,24002811422,53109764000186,Fundo Mun Prot e Defesa Civil de Parai,Tesouro,200000.0
2024-05-22,4315750,9999991400246,24002811493,53722473000169,Fundo Municipal de Defesa Civil de Riozinho,Tesouro,200000.0
2024-05-22,4315800,9999991400246,24002811575,53178538000157,Fundo Mun Prot Defesa Civil Roca Sales,Tesouro,200000.0
2024-05-22,4316105,9999991400246,24002811714,53192115000191,Pref Mun de Ronda Alta,Tesouro,200000.0
2024-05-22,4316501,9999991400246,24002811755,18986003000101,Pref Mun de Salvador do Sul,Tesouro,200000.0
2024-05-22,4318507,9999991400246,24002811771,53175986000105,Fundo Mun da Defesa Civil de Sao Jose do Norte,Tesouro,200000.0
2024-05-22,4320800,9999991400246,24002811916,53146533000142,Fundo Munic da Defesa Civil Soledade,Tesouro,200000.0
2024-05-22,4323408,9999991400246,24002812064,52961154000143,Pref Mun de Vila Maria,Tesouro,200000.0
2024-05-22,4302105,9999991400246,24002812148,28819730000138,Fundo Munic Defesa Civil Bento Gonçalves,Tesouro,200000.0
2024-05-22,4305934,9999991400246,24002812155,53321989000100,Pref Mun de Coronel Pilar,Tesouro,200000.0
2024-05-22,4307815,9999991400246,24002812159,53292704000141,Fundo Mun de Defesa Civil Fumdec,Tesouro,200000.0
2024-05-22,4313953,9999991400246,24002812164,53204598000105,Pref Mun de Pantano Grande,Tesouro,200000.0
2024-05-22,4300901,9999991400246,24002812174,53158863000158,Fundo Mun de Prot e Defesa Civil de Aratiba,Tesouro,200000.0
2024-05-22,4315503,9999991400246,24002812175,54173568000133,Fundo Mun Prot Defesa Civil Restinga Seca,Tesouro,200000.0
2024-05-22,4306106,9999991400246,24002812181,53190486000134,Pref Mun de Cruz Alta,Tesouro,200000.0
2024-05-22,4306957,9999991400246,24002812194,53099266000108,Pref Mun de Entre Rios do Sul,Tesouro,200000.0
2024-05-22,4321907,9999991400246,24002812213,53590463000117,Fundo Mun de Prot e Defesa Civil Tres Passos,Tesouro,200000.0
2024-05-22,4307005,9999991400246,24002812216,53099510000124,Fundo Mun Defesa Civil de Erechim,Tesouro,200000.0
2024-05-22,4307500,9999991400246,24002812230,53201399000135,Pref Mun de Espumoso,Tesouro,200000.0
2024-05-22,4308805,9999991400246,24002812240,53291871000178,Fundo Mun Defesa Civil de General Camara,Tesouro,200000.0
2024-05-22,4308854,9999991400246,24002812277,53214600000119,Pref Mun de Gentil,Tesouro,200000.0
2024-05-22,4309407,9999991400246,24002812287,19371397000156,Fundo Mun Defesa Civil de Guapore,Tesouro,200000.0
2024-05-22,4310504,9999991400246,24002812291,53157857000186,Fundo Mun Prot e Defesa Civil de Irai,Tesouro,200000.0
2024-05-22,4311254,9999991400246,24002812297,53111309000115,Fundo Mun Defesa Civil de Lagoao,Tesouro,200000.0
2024-05-22,4311775,9999991400246,24002812303,15589183000108,Fundo Mun Defesa Civil de Maquine,Tesouro,200000.0
2024-05-22,4312906,9999991400246,24002812307,52874100000140,Pref Mun de Nova Bassano,Tesouro,200000.0
2024-05-22,4313466,9999991400246,24002812309,53099656000170,Pref Mun Novo Xingu,Tesouro,200000.0
2024-05-22,4314456,9999991400246,24002812315,53186935000170,Fundo Mun de Defesa Civil Pinhal,Tesouro,200000.0
2024-05-22,4322251,9999991400246,24002812325,53015949000121,Pref Mun de Tupandi,Tesouro,200000.0
2024-05-22,4323705,9999991400246,24002812327,19000167000180,Pref Mun de Vista Gaucha,Tesouro,200000.0
2024-05-22,4301107,9999991400246,24002812364,55062207000182,Fundo Mun Defesa Civil Arroio dos Ratos,Tesouro,200000.0
2024-05-22,4314076,9999991400246,24002812506,23527728000171,Fundo Mun Defesa Civil Passo do Sobrado,Tesouro,200000.0
2024-05-22,4314134,9999991400246,24002812530,53179256000174,Fundo Mun de Defesa Civil Fumdec,Tesouro,400000.0
2024-05-22,4316451,9999991400246,24002812537,54072064000127,Fundo Mun Defesa Civil Fumdec,Tesouro,200000.0
2024-05-22,4317301,9999991400246,24002812558,53963551000117,Fundo Mun de Defesa Civil Fumdec,Tesouro,200000.0
2024-05-22,4319406,9999991400246,24002812567,23613481000106,Fundo Mun de Defesa Civil de Sao Pedro do Sul,Tesouro,200000.0
2024-05-22,4319604,9999991400246,24002812579,53942468000161,Fundo Mun Protecao e Defesa Civil Sao Sepe,Tesouro,200000.0
2024-05-22,4320008,9999991400246,24002812598,53209348000150,Fundo Mun Defesa Civil Sapucaia do Sul,Tesouro,200000.0
2024-05-22,4321626,9999991400246,24002812620,53966671000178,Fundo Mun Defesa Civil de Travesseiro,Tesouro,200000.0
2024-05-22,4310579,9999991400246,24002812652,55084930000162,Fundo Mun de Protecao e Defesa Civil Fumpdec,Tesouro,400000.0
2024-05-22,4316907,9999991400246,24002812664,54060951000185,Fundo Mun Defesa Civil de Santa Maria Fumdec,Tesouro,400000.0
2024-05-22,4305900,9999991400246,24002813850,53028507000110,Prfeitura Mun de Coronel Bicaco,Tesouro,200000.0
2024-05-22,4322525,9999991400246,24002813853,53192204000138,Fundo Mun Defesa Civil de Vale Verde,Tesouro,200000.0
2024-05-22,4307104,9999991400246,24002813857,53187685000193,Pref Mun de Herval,Tesouro,200000.0
2024-05-22,4320107,9999991400246,24002813858,19876209000141,Fundo Mun Defesa Civil de Sarandi,Tesouro,200000.0
2024-05-22,4318804,9999991400246,24002813862,16812367000140,Fundo Mun Defesa Civil Sao Lourenco do Sul,Tesouro,200000.0
2024-05-22,4312302,9999991400246,24002813867,53123057000144,Pref Mun de Miraguai,Tesouro,200000.0
2024-05-22,4318101,9999991400246,24002813874,53155872000195,Fundo Mun Defesa Civil Sao Francisco de Assis,Tesouro,200000.0
2024-05-22,4312955,9999991400246,24002813877,19392971000152,Fundo Mun Prot Defesa Civil de Nova Boa Vista,Tesouro,200000.0
2024-05-22,4314779,9999991400246,24002813879,53203245000182,Pref Mun de Pontao,Tesouro,200000.0
2024-05-22,4314506,9999991400246,24002813890,53127336000186,Pref Mun de Pinheiro Machado,Tesouro,200000.0
2024-05-22,4314407,9999991400246,24002813895,53160155000151,Fundo Munic Defesa Civil Pelotas,Tesouro,200000.0
2024-05-22,4314050,9999991400246,24002813900,14332561000100,Fundo Mun de Defesa Civil de Parobe,Tesouro,200000.0
2024-05-22,4313805,9999991400246,24002813904,53057374000100,Fundo Municipal de Defesa Civil de Palmitinho,Tesouro,200000.0
2024-05-22,4312757,9999991400246,24002813916,52992602000176,Pref Mun de Nova Alvorada,Tesouro,200000.0
2024-05-22,4322400,9999991400246,24002813934,53102995000168,Fundo Mun de Defesa Civil de Uruguaiana,Tesouro,200000.0
2024-05-22,4308607,9999991400246,24002814002,53162231000168,Pref Mun de Garibaldi,Tesouro,200000.0
2024-05-22,4303905,9999991400246,24002814204,53195877000141,Fundo Mun de Protecao de Defesa Civil Fumpdec,Tesouro,200000.0
2024-05-22,4306304,9999991400246,24002814205,53177605000119,Fundo Mun de Defesa Civil de David Canabarro,Tesouro,200000.0
2024-05-22,4304903,9999991400246,24002814207,20927868000149,Pref Mun de Casca,Tesouro,200000.0
2024-05-22,4304507,9999991400246,24002814208,53126965000191,Pref Mun de Cangucu,Tesouro,200000.0
2024-05-22,4311239,9999991400246,24002820151,55085306000180,Fundo Mun Defesa Civil de Lagoa Bonita do Sul,Tesouro,200000.0
2024-05-22,4313391,9999991400246,24002820152,14983970000169,Fundo Mun Defesa Civil Novo Cabrais,Tesouro,200000.0
2024-05-22,4318465,9999991400246,24002820154,55080859000140,Fundo Mun Defesa Civil Sao Jose do Herval,Tesouro,200000.0
2024-05-22,4319703,9999991400246,24002820161,53072595000157,Fundo Mun Defesa Civil de Sao Valentim,Tesouro,200000.0
2024-05-22,4305132,9999991400246,24002820309,23570124000108,Fundo Mun de Defesa Civil de Cerro Branco,Tesouro,200000.0
2024-05-22,4308433,9999991400246,24002821083,54040958000135,Fundo Mun Defesa Civil Forquetinha,Tesouro,200000.0
2024-05-22,4309951,9999991400246,24002821418,53364713000109,Fundo Mun Defesa Civil de Ibirapuita,Tesouro,200000.0
2024-05-22,4311791,9999991400246,24002821626,28004616000150,Fundo Mun de Defesa Civil de Marata,Tesouro,400000.0
2024-05-22,4314472,9999991400246,24002821685,55149457000154,Fundo Mun Defesa Civil Pinhal Grande,Tesouro,200000.0
2024-05-22,4315321,9999991400246,24002821789,55157932000134,Fundo Mun Defesa Civil Quevedos,Tesouro,400000.0
2024-05-22,4315453,9999991400246,24002821939,55114281000103,Fundo Mun Defesa Civl de Relvado,Tesouro,200000.0
2024-05-22,4315909,9999991400246,24002822209,20611585000193,Coord Mun Defesa Civil de Rodeio Bonito,Tesouro,400000.0
2024-05-22,4322608,9999991400246,24002824380,53099117000130,Pref Mun de Venancio Aires,Tesouro,200000.0
2024-05-22,4322707,9999991400246,24002824657,55097292000114,Fundo Mun Protecao e Defesa Civil de Vera Cruz,Tesouro,200000.0
2024-05-21,4318309,9999991400246,24002780489,53196650000110,Pref Mun de Sao Gabriel,Tesouro,-400000.0
2024-05-21,4321709,9999991400246,24002807482,22749174000194,Fundo Mun de Defesa Civil de Tres Coroas,Tesouro,-400000.0
2024-05-20,4300109,9999991400246,24002800977,53165223000175,Fundo Mun Defesa Civil Agudo,Tesouro,200000.0
2024-05-20,4300703,9999991400246,24002800994,23842640000144,Pref Mun de Anta Gorda,Tesouro,200000.0
2024-05-20,4302402,9999991400246,24002801137,53284270000138,Fundo Mun Defesa Civil Bom Retiro do Sul,Tesouro,200000.0
2024-05-20,4306056,9999991400246,24002801560,53176266000156,Pref Mun de Cristal,Tesouro,200000.0
2024-05-20,4306759,9999991400246,24002801890,31373873000173,Fundo Mun Prot Defesa Civil Doutor Ricardo,Tesouro,200000.0
2024-05-20,4309126,9999991400246,24002802334,22534724000158,Municipio de Gramado dos Loureirios,Tesouro,200000.0
2024-05-20,4312609,9999991400246,24002802378,53164437000127,Fundo Mun Defesa Civil de Mucum,Tesouro,200000.0
2024-05-20,4315156,9999991400246,24002802388,53198239000184,Pref Mun de Progresso,Tesouro,200000.0
2024-05-20,4315404,9999991400246,24002802399,53201722000170,Fundo Mun Defesa Civil de Redentora,Tesouro,200000.0
2024-05-20,4316006,9999991400246,24002802469,17963982000110,Fundo Mun Prot Defesa Civil de Rolante,Tesouro,200000.0
2024-05-20,4321204,9999991400246,24002802488,14129149000180,Pref Mun de Taquara,Tesouro,200000.0
2024-05-20,4301008,9999991400246,24002802757,19235388000138,Fundo Mun Prot Def Civil Arroio do Meio,Tesouro,200000.0
2024-05-20,4303558,9999991400246,24002802758,53099135000112,Fundo Mun Defesa Civil de Camargo,Tesouro,200000.0
2024-05-20,4303806,9999991400246,24002802760,18884666000115,Pref Mun de Campinas do Sul,Tesouro,200000.0
2024-05-20,4305157,9999991400246,24002802767,20730956000156,Pref Mun de Cerro Grande,Tesouro,200000.0
2024-05-20,4305504,9999991400246,24002802993,53134804000140,Fundo Mun Defesa Civil de Ciriaco,Tesouro,200000.0
2024-05-20,4307203,9999991400246,24002803030,53053678000107,Pref Mun de Erval Grande,Tesouro,200000.0
2024-05-20,4307807,9999991400246,24002805612,16790700000167,Fundo Mun de Defesa Civil de Estrela,Tesouro,200000.0
2024-05-20,4312054,9999991400246,24002805650,53163849000142,Pref Mun de Marques de Souza,Tesouro,200000.0
2024-05-20,4312476,9999991400246,24002805720,53620208000170,Fundo Mun Protecao Defesa Civil Morro Reuter,Tesouro,200000.0
2024-05-20,4314068,9999991400246,24002805791,53181422000177,Fundo Mun Defesa Civil de Passa Sete,Tesouro,200000.0
2024-05-20,4320677,9999991400246,24002805817,28132522000166,Fundo Mun Defesa Civil de Sinimbu,Tesouro,200000.0
2024-05-20,4321956,9999991400246,24002805838,53040939000146,Pref Mun de Trindade do Sul,Tesouro,200000.0
2024-05-20,4304101,9999991400246,24002805909,53053478000146,Pref Mun de Campos Borges,Tesouro,200000.0
2024-05-20,4305959,9999991400246,24002805921,53179414000196,Pref Mun de Cotipora,Tesouro,200000.0
2024-05-20,4308102,9999991400246,24002806318,53127203000100,Fundo Mun Prot Defesa Civil de Feliz,Tesouro,200000.0
2024-05-20,4310363,9999991400246,24002806396,23511156000132,Imigrante Fundo Mun de Defesa Civil,Tesouro,200000.0
2024-05-20,4310652,9999991400246,24002806748,15375102000169,Fundo Munic Defesa Civil de Itati,Tesouro,200000.0
2024-05-20,4312708,9999991400246,24002807159,52900106000145,Pref Mun de Nonoai,Tesouro,200000.0
2024-05-20,4315206,9999991400246,24002807245,54228724000116,Fundo Mun de Defesa Civil Putinga,Tesouro,200000.0
2024-05-20,4317251,9999991400246,24002807252,18929543000153,Fundo Mun da Defesa Civil de Santa Terez,Tesouro,200000.0
2024-05-20,4319364,9999991400246,24002807335,21097745000190,Pref Mun de Sao Pedro das Missoes,Tesouro,200000.0
2024-05-20,4319711,9999991400246,24002807396,23258357000170,Pref Mun de Sao Valentim do Sul,Tesouro,200000.0
2024-05-20,4321709,9999991400246,24002807482,22749174000194,Fundo Mun de Defesa Civil de Tres Coroas,Tesouro,400000.0
2024-05-20,4321857,9999991400246,24002807578,18999637000107,Pref Mun Tres Palmeiras,Tesouro,200000.0
2024-05-17,4301925,9999991400246,24002766018,52917070000102,Fundo Mun Defesa Civil Barra do Rio Azul,Tesouro,200000.0
2024-05-17,4302451,9999991400246,24002766219,53198484000191,Fundo Mun Prot Defesa Civil Boqueirao do Leao,Tesouro,200000.0
2024-05-17,4306429,9999991400246,24002766244,53033201000151,Pref Mun Dois Irmaos das Missoes,Tesouro,200000.0
2024-05-17,4309555,9999991400246,24002766286,53034983000143,Pref Mun de Harmonia,Tesouro,200000.0
2024-05-17,4310413,9999991400246,24002766358,53640950000147,Pref Mun de Inhacora,Tesouro,200000.0
2024-05-17,4311106,9999991400246,24002766370,53133824000104,Fundo Mun Defesa Civil de Jaguari,Tesouro,200000.0
2024-05-17,4311759,9999991400246,24002766404,53094153000101,Fundo Mun Defesa Civil de Manoel Viana,Tesouro,200000.0
2024-05-17,4313037,9999991400246,24002766423,53158724000124,Pref Mun de Nova Esperanca do Sul,Tesouro,200000.0
2024-05-17,4314787,9999991400246,24002766432,53076012000166,Pref Mun de Ponte Preta,Tesouro,200000.0
2024-05-17,4319752,9999991400246,24002766437,53132337000119,Pref Mun de Sao Vendelino,Tesouro,200000.0
2024-05-17,4320701,9999991400246,24002766460,53209898000179,Fundo Mun de Defesa Civil de Sobradinho Fumdec,Tesouro,200000.0
2024-05-17,4321832,9999991400246,24002766487,15426799000150,Fundo Mun de Defesa Civil de Tres Forquilhas,Tesouro,200000.0
2024-05-17,4300406,9999991400246,24002767999,53190448000181,Fundo Mun Defesa Civil de Alegrete,Tesouro,200000.0
2024-05-17,4303004,9999991400246,24002768048,53180445000167,Pref Mun de Cachoeira do Sul,Tesouro,200000.0
2024-05-17,4311270,9999991400246,24002768072,53326226000143,Fundo Mun Prot Def Civil Lagoa dos Tres Cantos,Tesouro,200000.0
2024-05-17,4311403,9999991400246,24002768076,15399273000128,Fundo Mun Defesa Civil Lajeado,Tesouro,200000.0
2024-05-17,4305405,9999991400246,24002768112,53201319000141,Pref Mun de Chiapetta,Tesouro,200000.0
2024-05-17,4312401,9999991400246,24002768592,53157946000122,Pref Mun de Montenegro,Tesouro,200000.0
2024-05-17,4316204,9999991400246,24002768710,53201537000186,Pref Mun de Rondinha,Tesouro,200000.0
2024-05-17,4317558,9999991400246,24002768844,19281037000163,Pref Mun de Santo Antonio do Palma,Tesouro,200000.0
2024-05-17,4301206,9999991400246,24002769328,53163925000110,Fundo Mun Defesa Civil de Arroio do Tigre,Tesouro,200000.0
2024-05-17,4302154,9999991400246,24002771658,28140443000105,Pref Mun de Boa Vista das Missoes,Tesouro,200000.0
2024-05-17,4305835,9999991400246,24002771839,53182772000158,Fundo Mun Prot Defesa Civil Coqueiro Baixo,Tesouro,200000.0
2024-05-17,4306072,9999991400246,24002772118,53162355000143,Pref Mun de Cristal do Sul,Tesouro,200000.0
2024-05-17,4306502,9999991400246,24002772540,53107395000192,Fundo Mun Defesa Civil de Dom Feliciano,Tesouro,200000.0
2024-05-17,4306924,9999991400246,24002772666,53179102000182,Pref Mun de Engenho Velho,Tesouro,200000.0
2024-05-17,4307302,9999991400246,24002773492,27989302000190,Pref Mun de Erval Seco,Tesouro,200000.0
2024-05-17,4308003,9999991400246,24002773575,52938072000188,Fundo Mun Prot Defesa Civil Faxinal do Soturno,Tesouro,200000.0
2024-05-17,4313490,9999991400246,24002774184,19399497000190,Prfeitura Mun de Novo Barreiro,Tesouro,200000.0
2024-05-17,4313441,9999991400246,24002774446,53028398000130,Fundo Mun Defesa Civil Novo Tiradentes,Tesouro,200000.0
2024-05-17,4315354,9999991400246,24002774642,53738783000171,Pref Mun de Quinze de Novembro,Tesouro,200000.0
2024-05-17,4316303,9999991400246,24002774931,53133580000151,Pref Mun de Roque Gonzales,Tesouro,200000.0
2024-05-17,4320503,9999991400246,24002775125,53340498000106,Pref Mun de Sertao,Tesouro,200000.0
2024-05-17,4311809,9999991400246,24002775244,53100056000184,Pref Mun de Marau,Tesouro,200000.0
2024-05-17,4301909,9999991400246,24002775338,53212850000110,Pref Mun de Barra do Ribeiro,Tesouro,200000.0
2024-05-17,4303509,9999991400246,24002775415,53185259000110,Pref Mun de Camaqua,Tesouro,200000.0
2024-05-17,4304697,9999991400246,24002775471,53446116000115,Pref Mun de Capitao,Tesouro,200000.0
2024-05-17,4306205,9999991400246,24002780208,53106929000166,Fundo Mun Defesa Civil Cruzeiro do Sul,Tesouro,200000.0
2024-05-17,4306452,9999991400246,24002780319,53129401000102,Fundo Mun Defesa Civil Dois Lajeados,Tesouro,200000.0
2024-05-17,4310850,9999991400246,24002780370,20167571000122,Fundo Municipal Defesa Civil de Jaboticaba,Tesouro,200000.0
2024-05-17,4311908,9999991400246,24002780396,53146464000177,Pref Mun de Marcelino Ramos,Tesouro,200000.0
2024-05-17,4314035,9999991400246,24002780397,53181006000179,Pref Mun de Pareci Novo,Tesouro,200000.0
2024-05-17,4316428,9999991400246,24002780398,53108705000193,Pref Mun de Sagrada Familia,Tesouro,200000.0
2024-05-17,4317004,9999991400246,24002780399,53147380000158,Pref Mun de Santana da Boa Vista,Tesouro,200000.0
2024-05-17,4318002,9999991400246,24002780400,53061063000114,Fundo Munic Defesa Civil de Sao Borja,Tesouro,200000.0
2024-05-17,4318051,9999991400246,24002780437,22965753000174,Pref Mun de Sao Domingos do Sul,Tesouro,200000.0
2024-05-17,4318309,9999991400246,24002780489,53196650000110,Pref Mun de Sao Gabriel,Tesouro,400000.0
2024-05-17,4323101,9999991400246,24002780494,53088113000157,Pref Mun de Vicente Dutra,Tesouro,200000.0
2024-05-17,4322855,9999991400246,24002780498,53140382000115,Fundo Mun de Defesa Civil Vespasiano Correa,Tesouro,200000.0
2024-05-17,4322806,9999991400246,24002780633,53169431000142,Fundo Mun Defesa Civil de Veranopolis,Tesouro,200000.0
2024-05-17,4318408,9999991400246,24002781013,53113336000127,Pref Mun de Sao Jeronimo,Tesouro,200000.0
2024-05-17,4318440,9999991400246,24002781178,53086991000133,Pref Mun de Sao Jorge,Tesouro,200000.0
2024-05-17,4320602,9999991400246,24002781411,53093386000190,Pref Mun de Severiano de Almeida,Tesouro,200000.0
2024-05-17,4322152,9999991400246,24002781613,53179950000191,Pref Mun de Tunas,Tesouro,200000.0
2024-05-17,4322202,9999991400246,24002781824,53134950000175,Fundo Mun Prot Defesa Civil de Tupancireta,Tesouro,200000.0
