chave_municipal,data_marco_adotado,tipo_marco_adotado,fonte_marco_adotado,data_primeiro_repasse_elegivel,intervalo_desde_marco_adotado_dias,status_intervalo,criterio_primeiro_repasse,qtd_estornos_ignorados
4304606,2024-04-24,início do período estadual dos eventos climáticos,"Decreto Estadual RS nº 57.604/2024, art. 1º",2024-06-20,57,ok,valor > 0 e data válida,0
4305108,2024-04-24,início do período estadual dos eventos climáticos,"Decreto Estadual RS nº 57.604/2024, art. 1º",2024-06-03,40,ok,valor > 0 e data válida,0
4314407,2024-04-24,início do período estadual dos eventos climáticos,"Decreto Estadual RS nº 57.604/2024, art. 1º",2024-05-22,28,ok,valor > 0 e data válida,0
4314902,2024-04-24,início do período estadual dos eventos climáticos,"Decreto Estadual RS nº 57.604/2024, art. 1º",2024-07-17,84,ok,valor > 0 e data válida,1
4315602,2024-04-24,início do período estadual dos eventos climáticos,"Decreto Estadual RS nº 57.604/2024, art. 1º",2024-05-23,29,ok,valor > 0 e data válida,0
4300604,2024-04-24,início do período estadual dos eventos climáticos,"Decreto Estadual RS nº 57.604/2024, art. 1º",2024-07-26,93,ok,valor > 0 e data válida,0
4313409,2024-04-24,início do período estadual dos eventos climáticos,"Decreto Estadual RS nº 57.604/2024, art. 1º",2024-06-03,40,ok,valor > 0 e data válida,0
4316907,2024-04-24,início do período estadual dos eventos climáticos,"Decreto Estadual RS nº 57.604/2024, art. 1º",2024-05-22,28,ok,valor > 0 e data válida,1
4303103,2024-04-24,início do período estadual dos eventos climáticos,"Decreto Estadual RS nº 57.604/2024, art. 1º",2024-07-24,91,ok,valor > 0 e data válida,1
4320008,2024-04-24,início do período estadual dos eventos climáticos,"Decreto Estadual RS nº 57.604/2024, art. 1º",2024-05-22,28,ok,valor > 0 e data válida,0
4318705,2024-04-24,início do período estadual dos eventos climáticos,"Decreto Estadual RS nº 57.604/2024, art. 1º",2024-07-05,72,ok,valor > 0 e data válida,0
4302105,2024-04-24,início do período estadual dos eventos climáticos,"Decreto Estadual RS nº 57.604/2024, art. 1º",2024-05-22,28,ok,valor > 0 e data válida,0
4316808,2024-04-24,início do período estadual dos eventos climáticos,"Decreto Estadual RS nº 57.604/2024, art. 1º",2024-07-25,92,ok,valor > 0 e data válida,0
4309308,2024-04-24,início do período estadual dos eventos climáticos,"Decreto Estadual RS nº 57.604/2024, art. 1º",2024-05-29,35,ok,valor > 0 e data válida,0
4311403,2024-04-24,início do período estadual dos eventos climáticos,"Decreto Estadual RS nº 57.604/2024, art. 1º",2024-05-17,23,ok,valor > 0 e data válida,0
4303004,2024-04-24,início do período estadual dos eventos climáticos,"Decreto Estadual RS nº 57.604/2024, art. 1º",2024-05-17,23,ok,valor > 0 e data válida,0
4307708,2024-04-24,início do período estadual dos eventos climáticos,"Decreto Estadual RS nº 57.604/2024, art. 1º",2024-05-22,28,ok,valor > 0 e data válida,2
4303905,2024-04-24,início do período estadual dos eventos climáticos,"Decreto Estadual RS nº 57.604/2024, art. 1º",2024-05-22,28,ok,valor > 0 e data válida,0
4312401,2024-04-24,início do período estadual dos eventos climáticos,"Decreto Estadual RS nº 57.604/2024, art. 1º",2024-05-17,23,ok,valor > 0 e data válida,0
4322608,2024-04-24,início do período estadual dos eventos climáticos,"Decreto Estadual RS nº 57.604/2024, art. 1º",2024-05-22,28,ok,valor > 0 e data válida,0
4321204,2024-04-24,início do período estadual dos eventos climáticos,"Decreto Estadual RS nº 57.604/2024, art. 1º",2024-05-20,26,ok,valor > 0 e data válida,0
4314050,2024-04-24,início do período estadual dos eventos climáticos,"Decreto Estadual RS nº 57.604/2024, art. 1º",2024-05-22,28,ok,valor > 0 e data válida,0
4309100,2024-04-24,início do período estadual dos eventos climáticos,"Decreto Estadual RS nº 57.604/2024, art. 1º",2024-07-10,77,ok,valor > 0 e data válida,0
4318804,2024-04-24,início do período estadual dos eventos climáticos,"Decreto Estadual RS nº 57.604/2024, art. 1º",2024-05-22,28,ok,valor > 0 e data válida,0
4307807,2024-04-24,início do período estadual dos eventos climáticos,"Decreto Estadual RS nº 57.604/2024, art. 1º",2024-05-20,26,ok,valor > 0 e data válida,0
4310108,2024-04-24,início do período estadual dos eventos climáticos,"Decreto Estadual RS nº 57.604/2024, art. 1º",2024-06-03,40,ok,valor > 0 e data válida,0
4319505,2024-04-24,início do período estadual dos eventos climáticos,"Decreto Estadual RS nº 57.604/2024, art. 1º",2024-06-05,42,ok,valor > 0 e data válida,0
4306767,2024-04-24,início do período estadual dos eventos climáticos,"Decreto Estadual RS nº 57.604/2024, art. 1º",2024-06-20,57,ok,valor > 0 e data válida,0
4315701,2024-04-24,início do período estadual dos eventos climáticos,"Decreto Estadual RS nº 57.604/2024, art. 1º",2024-06-13,50,ok,valor > 0 e data válida,0
4304200,2024-04-24,início do período estadual dos eventos climáticos,"Decreto Estadual RS nº 57.604/2024, art. 1º",2024-05-23,29,ok,valor > 0 e data válida,0
4309407,2024-04-24,início do período estadual dos eventos climáticos,"Decreto Estadual RS nº 57.604/2024, art. 1º",2024-05-22,28,ok,valor > 0 e data válida,0
4318507,2024-04-24,início do período estadual dos eventos climáticos,"Decreto Estadual RS nº 57.604/2024, art. 1º",2024-05-22,28,ok,valor > 0 e data válida,0
4321709,2024-04-24,início do período estadual dos eventos climáticos,"Decreto Estadual RS nº 57.604/2024, art. 1º",2024-05-20,26,ok,valor > 0 e data válida,1
4322004,2024-04-24,início do período estadual dos eventos climáticos,"Decreto Estadual RS nº 57.604/2024, art. 1º",2024-05-22,28,ok,valor > 0 e data válida,0
4322707,2024-04-24,início do período estadual dos eventos climáticos,"Decreto Estadual RS nº 57.604/2024, art. 1º",2024-05-22,28,ok,valor > 0 e data válida,0
4322806,2024-04-24,início do período estadual dos eventos climáticos,"Decreto Estadual RS nº 57.604/2024, art. 1º",2024-05-17,23,ok,valor > 0 e data válida,0
4301008,2024-04-24,início do período estadual dos eventos climáticos,"Decreto Estadual RS nº 57.604/2024, art. 1º",2024-05-20,26,ok,valor > 0 e data válida,0
4306809,2024-04-24,início do período estadual dos eventos climáticos,"Decreto Estadual RS nº 57.604/2024, art. 1º",2024-05-22,28,ok,valor > 0 e data válida,0
4316006,2024-04-24,início do período estadual dos eventos climáticos,"Decreto Estadual RS nº 57.604/2024, art. 1º",2024-05-20,26,ok,valor > 0 e data válida,0
4305355,2024-04-24,início do período estadual dos eventos climáticos,"Decreto Estadual RS nº 57.604/2024, art. 1º",2024-09-06,135,ok,valor > 0 e data válida,0
4313375,2024-04-24,início do período estadual dos eventos climáticos,"Decreto Estadual RS nº 57.604/2024, art. 1º",2024-06-20,57,ok,valor > 0 e data válida,0
4321303,2024-04-24,início do período estadual dos eventos climáticos,"Decreto Estadual RS nº 57.604/2024, art. 1º",2024-05-29,35,ok,valor > 0 e data válida,0
4300109,2024-04-24,início do período estadual dos eventos climáticos,"Decreto Estadual RS nº 57.604/2024, art. 1º",2024-05-20,26,ok,valor > 0 e data válida,0
4308102,2024-04-24,início do período estadual dos eventos climáticos,"Decreto Estadual RS nº 57.604/2024, art. 1º",2024-05-20,26,ok,valor > 0 e data válida,0
4315503,2024-04-24,início do período estadual dos eventos climáticos,"Decreto Estadual RS nº 57.604/2024, art. 1º",2024-05-22,28,ok,valor > 0 e data válida,0
4320701,2024-04-24,início do período estadual dos eventos climáticos,"Decreto Estadual RS nº 57.604/2024, art. 1º",2024-05-17,23,ok,valor > 0 e data válida,0
4318408,2024-04-24,início do período estadual dos eventos climáticos,"Decreto Estadual RS nº 57.604/2024, art. 1º",2024-05-17,23,ok,valor > 0 e data válida,0
4301206,2024-04-24,início do período estadual dos eventos climáticos,"Decreto Estadual RS nº 57.604/2024, art. 1º",2024-05-17,23,ok,valor > 0 e data válida,0
4302352,2024-04-24,início do período estadual dos eventos climáticos,"Decreto Estadual RS nº 57.604/2024, art. 1º",2024-05-29,35,ok,valor > 0 e data válida,0
4306205,2024-04-24,início do período estadual dos eventos climáticos,"Decreto Estadual RS nº 57.604/2024, art. 1º",2024-05-17,23,ok,valor > 0 e data válida,0
4311106,2024-04-24,início do período estadual dos eventos climáticos,"Decreto Estadual RS nº 57.604/2024, art. 1º",2024-05-17,23,ok,valor > 0 e data válida,0
4300851,2024-04-24,início do período estadual dos eventos climáticos,"Decreto Estadual RS nº 57.604/2024, art. 1º",2024-06-10,47,ok,valor > 0 e data válida,0
4304614,2024-04-24,início do período estadual dos eventos climáticos,"Decreto Estadual RS nº 57.604/2024, art. 1º",2024-06-20,57,ok,valor > 0 e data válida,0
4305132,2024-04-24,início do período estadual dos eventos climáticos,"Decreto Estadual RS nº 57.604/2024, art. 1º",2024-05-22,28,ok,valor > 0 e data válida,0
4305587,2024-04-24,início do período estadual dos eventos climáticos,"Decreto Estadual RS nº 57.604/2024, art. 1º",2024-05-22,28,ok,valor > 0 e data válida,0
4305835,2024-04-24,início do período estadual dos eventos climáticos,"Decreto Estadual RS nº 57.604/2024, art. 1º",2024-05-17,23,ok,valor > 0 e data válida,0
4305959,2024-04-24,início do período estadual dos eventos climáticos,"Decreto Estadual RS nº 57.604/2024, art. 1º",2024-05-20,26,ok,valor > 0 e data válida,0
4306700,2024-04-24,início do período estadual dos eventos climáticos,"Decreto Estadual RS nº 57.604/2024, art. 1º",2024-06-19,56,ok,valor > 0 e data válida,0
4306759,2024-04-24,início do período estadual dos eventos climáticos,"Decreto Estadual RS nº 57.604/2024, art. 1º",2024-05-20,26,ok,valor > 0 e data válida,0
4308003,2024-04-24,início do período estadual dos eventos climáticos,"Decreto Estadual RS nº 57.604/2024, art. 1º",2024-05-17,23,ok,valor > 0 e data válida,0
4308300,2024-04-24,início do período estadual dos eventos climáticos,"Decreto Estadual RS nº 57.604/2024, art. 1º",2024-07-25,92,ok,valor > 0 e data válida,0
4308805,2024-04-24,início do período estadual dos eventos climáticos,"Decreto Estadual RS nº 57.604/2024, art. 1º",2024-05-22,28,ok,valor > 0 e data válida,0
4309753,2024-04-24,início do período estadual dos eventos climáticos,"Decreto Estadual RS nº 57.604/2024, art. 1º",2024-05-29,35,ok,valor > 0 e data válida,0
4310363,2024-04-24,início do período estadual dos eventos climáticos,"Decreto Estadual RS nº 57.604/2024, art. 1º",2024-05-20,26,ok,valor > 0 e data válida,0
4311775,2024-04-24,início do período estadual dos eventos climáticos,"Decreto Estadual RS nº 57.604/2024, art. 1º",2024-05-22,28,ok,valor > 0 e data válida,0
4313102,2024-04-24,início do período estadual dos eventos climáticos,"Decreto Estadual RS nº 57.604/2024, art. 1º",2024-05-22,28,ok,valor > 0 e data válida,0
4314035,2024-04-24,início do período estadual dos eventos climáticos,"Decreto Estadual RS nº 57.604/2024, art. 1º",2024-05-17,23,ok,valor > 0 e data válida,0
4314076,2024-04-24,início do período estadual dos eventos climáticos,"Decreto Estadual RS nº 57.604/2024, art. 1º",2024-05-22,28,ok,valor > 0 e data válida,0
4314472,2024-04-24,início do período estadual dos eventos climáticos,"Decreto Estadual RS nº 57.604/2024, art. 1º",2024-05-22,28,ok,valor > 0 e data válida,0
4314787,2024-04-24,início do período estadual dos eventos climáticos,"Decreto Estadual RS nº 57.604/2024, art. 1º",2024-05-17,23,ok,valor > 0 e data válida,0
4315206,2024-04-24,início do período estadual dos eventos climáticos,"Decreto Estadual RS nº 57.604/2024, art. 1º",2024-05-20,26,ok,valor > 0 e data válida,0
4315453,2024-04-24,início do período estadual dos eventos climáticos,"Decreto Estadual RS nº 57.604/2024, art. 1º",2024-05-22,28,ok,valor > 0 e data válida,0
4317251,2024-04-24,início do período estadual dos eventos climáticos,"Decreto Estadual RS nº 57.604/2024, art. 1º",2024-05-20,26,ok,valor > 0 e data válida,1
4318432,2024-04-24,início do período estadual dos eventos climáticos,"Decreto Estadual RS nº 57.604/2024, art. 1º",2024-06-13,50,ok,valor > 0 e data válida,0
4319711,2024-04-24,início do período estadual dos eventos climáticos,"Decreto Estadual RS nº 57.604/2024, art. 1º",2024-05-20,26,ok,valor > 0 e data válida,0
4319752,2024-04-24,início do período estadual dos eventos climáticos,"Decreto Estadual RS nº 57.604/2024, art. 1º",2024-05-17,23,ok,valor > 0 e data válida,0
4320263,2024-04-24,início do período estadual dos eventos climáticos,"Decreto Estadual RS nº 57.604/2024, art. 1º",2024-05-23,29,ok,valor > 0 e data válida,0
4320651,2024-04-24,início do período estadual dos eventos climáticos,"Decreto Estadual RS nº 57.604/2024, art. 1º",2024-05-29,35,ok,valor > 0 e data válida,0
4320677,2024-04-24,início do período estadual dos eventos climáticos,"Decreto Estadual RS nº 57.604/2024, art. 1º",2024-05-20,26,ok,valor > 0 e data válida,0
4321626,2024-04-24,início do período estadual dos eventos climáticos,"Decreto Estadual RS nº 57.604/2024, art. 1º",2024-05-22,28,ok,valor > 0 e data válida,0
4322525,2024-04-24,início do período estadual dos eventos climáticos,"Decreto Estadual RS nº 57.604/2024, art. 1º",2024-05-22,28,ok,valor > 0 e data válida,0
4322855,2024-04-24,início do período estadual dos eventos climáticos,"Decreto Estadual RS nº 57.604/2024, art. 1º",2024-05-17,23,ok,valor > 0 e data válida,0
4302402,2024-04-24,início do período estadual dos eventos climáticos,"Decreto Estadual RS nº 57.604/2024, art. 1º",2024-05-20,26,ok,valor > 0 e data válida,0
4315800,2024-04-24,início do período estadual dos eventos climáticos,"Decreto Estadual RS nº 57.604/2024, art. 1º",2024-05-22,28,ok,valor > 0 e data válida,0
4319125,2024-04-24,início do período estadual dos eventos climáticos,"Decreto Estadual RS nº 57.604/2024, art. 1º",2024-06-12,49,ok,valor > 0 e data válida,0
4301925,2024-04-24,início do período estadual dos eventos climáticos,"Decreto Estadual RS nº 57.604/2024, art. 1º",2024-05-17,23,ok,valor > 0 e data válida,0
4308433,2024-04-24,início do período estadual dos eventos climáticos,"Decreto Estadual RS nº 57.604/2024, art. 1º",2024-05-22,28,ok,valor > 0 e data válida,0
4310751,2024-04-24,início do período estadual dos eventos climáticos,"Decreto Estadual RS nº 57.604/2024, art. 1º",2024-07-10,77,ok,valor > 0 e data válida,0
4312054,2024-04-24,início do período estadual dos eventos climáticos,"Decreto Estadual RS nº 57.604/2024, art. 1º",2024-05-20,26,ok,valor > 0 e data válida,0
4312609,2024-04-24,início do período estadual dos eventos climáticos,"Decreto Estadual RS nº 57.604/2024, art. 1º",2024-05-20,26,ok,valor > 0 e data válida,0
4314027,2024-04-24,início do período estadual dos eventos climáticos,"Decreto Estadual RS nº 57.604/2024, art. 1º",2024-05-29,35,ok,valor > 0 e data válida,0
4314068,2024-04-24,início do período estadual dos eventos climáticos,"Decreto Estadual RS nº 57.604/2024, art. 1º",2024-05-20,26,ok,valor > 0 e data válida,0
4318465,2024-04-24,início do período estadual dos eventos climáticos,"Decreto Estadual RS nº 57.604/2024, art. 1º",2024-05-22,28,ok,valor > 0 e data válida,0
4320602,2024-04-24,início do período estadual dos eventos climáticos,"Decreto Estadual RS nº 57.604/2024, art. 1º",2024-05-17,23,ok,valor > 0 e data válida,0
4315131,2024-04-24,início do período estadual dos eventos climáticos,"Decreto Estadual RS nº 57.604/2024, art. 1º",2024-07-25,92,ok,valor > 0 e data válida,0
4309555,2024-04-24,início do período estadual dos eventos climáticos,"Decreto Estadual RS nº 57.604/2024, art. 1º",2024-05-17,23,ok,valor > 0 e data válida,0
4300208,2024-04-24,início do período estadual dos eventos climáticos,"Decreto Estadual RS nº 57.604/2024, art. 1º",2024-06-21,58,ok,valor > 0 e data válida,0
4300307,2024-04-24,início do período estadual dos eventos climáticos,"Decreto Estadual RS nº 57.604/2024, art. 1º",2024-06-20,57,ok,valor > 0 e data válida,0
4300406,2024-04-24,início do período estadual dos eventos climáticos,"Decreto Estadual RS nº 57.604/2024, art. 1º",2024-05-17,23,ok,valor > 0 e data válida,0
4300570,2024-04-24,início do período estadual dos eventos climáticos,"Decreto Estadual RS nº 57.604/2024, art. 1º",2024-05-22,28,ok,valor > 0 e data válida,0
4300703,2024-04-24,início do período estadual dos eventos climáticos,"Decreto Estadual RS nº 57.604/2024, art. 1º",2024-05-20,26,ok,valor > 0 e data válida,0
4300802,2024-04-24,início do período estadual dos eventos climáticos,"Decreto Estadual RS nº 57.604/2024, art. 1º",2024-05-29,35,ok,valor > 0 e data válida,0
4300877,2024-04-24,início do período estadual dos eventos climáticos,"Decreto Estadual RS nº 57.604/2024, art. 1º",2024-07-12,79,ok,valor > 0 e data válida,0
4301107,2024-04-24,início do período estadual dos eventos climáticos,"Decreto Estadual RS nº 57.604/2024, art. 1º",2024-05-22,28,ok,valor > 0 e data válida,0
4301404,2024-04-24,início do período estadual dos eventos climáticos,"Decreto Estadual RS nº 57.604/2024, art. 1º",2024-06-14,51,ok,valor > 0 e data válida,0
4301503,2024-04-24,início do período estadual dos eventos climáticos,"Decreto Estadual RS nº 57.604/2024, art. 1º",2024-07-01,68,ok,valor > 0 e data válida,0
4301602,2024-04-24,início do período estadual dos eventos climáticos,"Decreto Estadual RS nº 57.604/2024, art. 1º",2024-07-24,91,ok,valor > 0 e data válida,0
4301651,2024-04-24,início do período estadual dos eventos climáticos,"Decreto Estadual RS nº 57.604/2024, art. 1º",2024-05-29,35,ok,valor > 0 e data válida,0
4302303,2024-04-24,início do período estadual dos eventos climáticos,"Decreto Estadual RS nº 57.604/2024, art. 1º",2024-07-01,68,ok,valor > 0 e data válida,0
4302451,2024-04-24,início do período estadual dos eventos climáticos,"Decreto Estadual RS nº 57.604/2024, art. 1º",2024-05-17,23,ok,valor > 0 e data válida,0
4302584,2024-04-24,início do período estadual dos eventos climáticos,"Decreto Estadual RS nº 57.604/2024, art. 1º",2024-06-13,50,ok,valor > 0 e data válida,0
4302907,2024-04-24,início do período estadual dos eventos climáticos,"Decreto Estadual RS nº 57.604/2024, art. 1º",2024-05-22,28,ok,valor > 0 e data válida,0
4303202,2024-04-24,início do período estadual dos eventos climáticos,"Decreto Estadual RS nº 57.604/2024, art. 1º",2024-05-22,28,ok,valor > 0 e data válida,0
4303400,2024-04-24,início do período estadual dos eventos climáticos,"Decreto Estadual RS nº 57.604/2024, art. 1º",2024-05-22,28,ok,valor > 0 e data válida,0
4303558,2024-04-24,início do período estadual dos eventos climáticos,"Decreto Estadual RS nº 57.604/2024, art. 1º",2024-05-20,26,ok,valor > 0 e data válida,0
4304101,2024-04-24,início do período estadual dos eventos climáticos,"Decreto Estadual RS nº 57.604/2024, art. 1º",2024-05-20,26,ok,valor > 0 e data válida,0
4304358,2024-04-24,início do período estadual dos eventos climáticos,"Decreto Estadual RS nº 57.604/2024, art. 1º",2024-05-23,29,ok,valor > 0 e data válida,0
4304408,2024-04-24,início do período estadual dos eventos climáticos,"Decreto Estadual RS nº 57.604/2024, art. 1º",2024-06-20,57,ok,valor > 0 e data válida,0
4304622,2024-04-24,início do período estadual dos eventos climáticos,"Decreto Estadual RS nº 57.604/2024, art. 1º",2024-05-29,35,ok,valor > 0 e data válida,0
4304689,2024-04-24,início do período estadual dos eventos climáticos,"Decreto Estadual RS nº 57.604/2024, art. 1º",2024-06-04,41,ok,valor > 0 e data válida,0
4304697,2024-04-24,início do período estadual dos eventos climáticos,"Decreto Estadual RS nº 57.604/2024, art. 1º",2024-05-17,23,ok,valor > 0 e data válida,0
4304804,2024-04-24,início do período estadual dos eventos climáticos,"Decreto Estadual RS nº 57.604/2024, art. 1º",2024-07-10,77,ok,valor > 0 e data válida,0
4304853,2024-04-24,início do período estadual dos eventos climáticos,"Decreto Estadual RS nº 57.604/2024, art. 1º",2024-05-23,29,ok,valor > 0 e data válida,0
4305405,2024-04-24,início do período estadual dos eventos climáticos,"Decreto Estadual RS nº 57.604/2024, art. 1º",2024-05-17,23,ok,valor > 0 e data válida,0
4305447,2024-04-24,início do período estadual dos eventos climáticos,"Decreto Estadual RS nº 57.604/2024, art. 1º",2024-06-20,57,ok,valor > 0 e data válida,0
4305504,2024-04-24,início do período estadual dos eventos climáticos,"Decreto Estadual RS nº 57.604/2024, art. 1º",2024-05-20,26,ok,valor > 0 e data válida,0
4305934,2024-04-24,início do período estadual dos eventos climáticos,"Decreto Estadual RS nº 57.604/2024, art. 1º",2024-05-22,28,ok,valor > 0 e data válida,0
4306072,2024-04-24,início do período estadual dos eventos climáticos,"Decreto Estadual RS nº 57.604/2024, art. 1º",2024-05-17,23,ok,valor > 0 e data válida,0
4306130,2024-04-24,início do período estadual dos eventos climáticos,"Decreto Estadual RS nº 57.604/2024, art. 1º",2024-05-22,28,ok,valor > 0 e data válida,0
4306304,2024-04-24,início do período estadual dos eventos climáticos,"Decreto Estadual RS nº 57.604/2024, art. 1º",2024-05-22,28,ok,valor > 0 e data válida,0
4306452,2024-04-24,início do período estadual dos eventos climáticos,"Decreto Estadual RS nº 57.604/2024, art. 1º",2024-05-17,23,ok,valor > 0 e data válida,0
4306908,2024-04-24,início do período estadual dos eventos climáticos,"Decreto Estadual RS nº 57.604/2024, art. 1º",2024-05-22,28,ok,valor > 0 e data válida,0
4306957,2024-04-24,início do período estadual dos eventos climáticos,"Decreto Estadual RS nº 57.604/2024, art. 1º",2024-05-22,28,ok,valor > 0 e data válida,0
4307005,2024-04-24,início do período estadual dos eventos climáticos,"Decreto Estadual RS nº 57.604/2024, art. 1º",2024-05-22,28,ok,valor > 0 e data válida,0
4307203,2024-04-24,início do período estadual dos eventos climáticos,"Decreto Estadual RS nº 57.604/2024, art. 1º",2024-05-20,26,ok,valor > 0 e data válida,0
4307815,2024-04-24,início do período estadual dos eventos climáticos,"Decreto Estadual RS nº 57.604/2024, art. 1º",2024-05-22,28,ok,valor > 0 e data válida,0
4307864,2024-04-24,início do período estadual dos eventos climáticos,"Decreto Estadual RS nº 57.604/2024, art. 1º",2024-05-29,35,ok,valor > 0 e data válida,0
4307906,2024-04-24,início do período estadual dos eventos climáticos,"Decreto Estadual RS nº 57.604/2024, art. 1º",2024-05-29,35,ok,valor > 0 e data válida,0
4308052,2024-04-24,início do período estadual dos eventos climáticos,"Decreto Estadual RS nº 57.604/2024, art. 1º",2024-06-13,50,ok,valor > 0 e data válida,0
4308201,2024-04-24,início do período estadual dos eventos climáticos,"Decreto Estadual RS nº 57.604/2024, art. 1º",2024-05-29,35,ok,valor > 0 e data válida,0
4308607,2024-04-24,início do período estadual dos eventos climáticos,"Decreto Estadual RS nº 57.604/2024, art. 1º",2024-05-22,28,ok,valor > 0 e data válida,0
4308656,2024-04-24,início do período estadual dos eventos climáticos,"Decreto Estadual RS nº 57.604/2024, art. 1º",2024-07-08,75,ok,valor > 0 e data válida,0
4309126,2024-04-24,início do período estadual dos eventos climáticos,"Decreto Estadual RS nº 57.604/2024, art. 1º",2024-05-20,26,ok,valor > 0 e data válida,0
4309258,2024-04-24,início do período estadual dos eventos climáticos,"Decreto Estadual RS nº 57.604/2024, art. 1º",2024-07-08,75,ok,valor > 0 e data válida,0
4307104,2024-04-24,início do período estadual dos eventos climáticos,"Decreto Estadual RS nº 57.604/2024, art. 1º",2024-05-22,28,ok,valor > 0 e data válida,0
4310009,2024-04-24,início do período estadual dos eventos climáticos,"Decreto Estadual RS nº 57.604/2024, art. 1º",2024-06-04,41,ok,valor > 0 e data válida,0
4310207,2024-04-24,início do período estadual dos eventos climáticos,"Decreto Estadual RS nº 57.604/2024, art. 1º",2024-06-25,62,ok,valor > 0 e data válida,0
4310413,2024-04-24,início do período estadual dos eventos climáticos,"Decreto Estadual RS nº 57.604/2024, art. 1º",2024-05-17,23,ok,valor > 0 e data válida,0
4310553,2024-04-24,início do período estadual dos eventos climáticos,"Decreto Estadual RS nº 57.604/2024, art. 1º",2024-07-01,68,ok,valor > 0 e data válida,0
4310579,2024-04-24,início do período estadual dos eventos climáticos,"Decreto Estadual RS nº 57.604/2024, art. 1º",2024-05-22,28,ok,valor > 0 e data válida,1
4310603,2024-04-24,início do período estadual dos eventos climáticos,"Decreto Estadual RS nº 57.604/2024, art. 1º",2024-07-24,91,ok,valor > 0 e data válida,0
4310652,2024-04-24,início do período estadual dos eventos climáticos,"Decreto Estadual RS nº 57.604/2024, art. 1º",2024-05-20,26,ok,valor > 0 e data válida,0
4311007,2024-04-24,início do período estadual dos eventos climáticos,"Decreto Estadual RS nº 57.604/2024, art. 1º",2024-06-03,40,ok,valor > 0 e data válida,0
4311239,2024-04-24,início do período estadual dos eventos climáticos,"Decreto Estadual RS nº 57.604/2024, art. 1º",2024-05-22,28,ok,valor > 0 e data válida,0
4311429,2024-04-24,início do período estadual dos eventos climáticos,"Decreto Estadual RS nº 57.604/2024, art. 1º",2024-06-26,63,ok,valor > 0 e data válida,0
4311601,2024-04-24,início do período estadual dos eventos climáticos,"Decreto Estadual RS nº 57.604/2024, art. 1º",2024-05-22,28,ok,valor > 0 e data válida,0
4311759,2024-04-24,início do período estadual dos eventos climáticos,"Decreto Estadual RS nº 57.604/2024, art. 1º",2024-05-17,23,ok,valor > 0 e data válida,0
4311791,2024-04-24,início do período estadual dos eventos climáticos,"Decreto Estadual RS nº 57.604/2024, art. 1º",2024-05-22,28,ok,valor > 0 e data válida,1
4312138,2024-04-24,início do período estadual dos eventos climáticos,"Decreto Estadual RS nº 57.604/2024, art. 1º",2024-06-17,54,ok,valor > 0 e data válida,0
4312153,2024-04-24,início do período estadual dos eventos climáticos,"Decreto Estadual RS nº 57.604/2024, art. 1º",2024-06-20,57,ok,valor > 0 e data válida,0
4312302,2024-04-24,início do período estadual dos eventos climáticos,"Decreto Estadual RS nº 57.604/2024, art. 1º",2024-05-22,28,ok,valor > 0 e data válida,0
4312385,2024-04-24,início do período estadual dos eventos climáticos,"Decreto Estadual RS nº 57.604/2024, art. 1º",2024-05-29,35,ok,valor > 0 e data válida,0
4312443,2024-04-24,início do período estadual dos eventos climáticos,"Decreto Estadual RS nº 57.604/2024, art. 1º",2024-06-20,57,ok,valor > 0 e data válida,0
4312450,2024-04-24,início do período estadual dos eventos climáticos,"Decreto Estadual RS nº 57.604/2024, art. 1º",2024-06-20,57,ok,valor > 0 e data válida,0
4312476,2024-04-24,início do período estadual dos eventos climáticos,"Decreto Estadual RS nº 57.604/2024, art. 1º",2024-05-20,26,ok,valor > 0 e data válida,0
4312757,2024-04-24,início do período estadual dos eventos climáticos,"Decreto Estadual RS nº 57.604/2024, art. 1º",2024-05-22,28,ok,valor > 0 e data válida,0
4312906,2024-04-24,início do período estadual dos eventos climáticos,"Decreto Estadual RS nº 57.604/2024, art. 1º",2024-05-22,28,ok,valor > 0 e data válida,0
4313003,2024-04-24,início do período estadual dos eventos climáticos,"Decreto Estadual RS nº 57.604/2024, art. 1º",2024-06-11,48,ok,valor > 0 e data válida,0
4313037,2024-04-24,início do período estadual dos eventos climáticos,"Decreto Estadual RS nº 57.604/2024, art. 1º",2024-05-17,23,ok,valor > 0 e data válida,0
4313086,2024-04-24,início do período estadual dos eventos climáticos,"Decreto Estadual RS nº 57.604/2024, art. 1º",2024-05-29,35,ok,valor > 0 e data válida,0
4313201,2024-04-24,início do período estadual dos eventos climáticos,"Decreto Estadual RS nº 57.604/2024, art. 1º",2024-05-22,28,ok,valor > 0 e data válida,0
4313300,2024-04-24,início do período estadual dos eventos climáticos,"Decreto Estadual RS nº 57.604/2024, art. 1º",2024-06-20,57,ok,valor > 0 e data válida,0
4313490,2024-04-24,início do período estadual dos eventos climáticos,"Decreto Estadual RS nº 57.604/2024, art. 1º",2024-05-17,23,ok,valor > 0 e data válida,0
4313391,2024-04-24,início do período estadual dos eventos climáticos,"Decreto Estadual RS nº 57.604/2024, art. 1º",2024-05-22,28,ok,valor > 0 e data válida,0
4313441,2024-04-24,início do período estadual dos eventos climáticos,"Decreto Estadual RS nº 57.604/2024, art. 1º",2024-05-17,23,ok,valor > 0 e data válida,0
4313466,2024-04-24,início do período estadual dos eventos climáticos,"Decreto Estadual RS nº 57.604/2024, art. 1º",2024-05-22,28,ok,valor > 0 e data válida,0
4313953,2024-04-24,início do período estadual dos eventos climáticos,"Decreto Estadual RS nº 57.604/2024, art. 1º",2024-05-22,28,ok,valor > 0 e data válida,0
4314001,2024-04-24,início do período estadual dos eventos climáticos,"Decreto Estadual RS nº 57.604/2024, art. 1º",2024-05-22,28,ok,valor > 0 e data válida,0
4314159,2024-04-24,início do período estadual dos eventos climáticos,"Decreto Estadual RS nº 57.604/2024, art. 1º",2024-06-13,50,ok,valor > 0 e data válida,0
4314423,2024-04-24,início do período estadual dos eventos climáticos,"Decreto Estadual RS nº 57.604/2024, art. 1º",2024-07-01,68,ok,valor > 0 e data válida,0
4314506,2024-04-24,início do período estadual dos eventos climáticos,"Decreto Estadual RS nº 57.604/2024, art. 1º",2024-05-22,28,ok,valor > 0 e data válida,0
4314779,2024-04-24,início do período estadual dos eventos climáticos,"Decreto Estadual RS nº 57.604/2024, art. 1º",2024-05-22,28,ok,valor > 0 e data válida,0
4315008,2024-04-24,início do período estadual dos eventos climáticos,"Decreto Estadual RS nº 57.604/2024, art. 1º",2024-05-29,35,ok,valor > 0 e data válida,0
4315107,2024-04-24,início do período estadual dos eventos climáticos,"Decreto Estadual RS nº 57.604/2024, art. 1º",2024-06-12,49,ok,valor > 0 e data válida,0
4315172,2024-04-24,início do período estadual dos eventos climáticos,"Decreto Estadual RS nº 57.604/2024, art. 1º",2024-06-25,62,ok,valor > 0 e data válida,0
4315321,2024-04-24,início do período estadual dos eventos climáticos,"Decreto Estadual RS nº 57.604/2024, art. 1º",2024-05-22,28,ok,valor > 0 e data válida,1
4315354,2024-04-24,início do período estadual dos eventos climáticos,"Decreto Estadual RS nº 57.604/2024, art. 1º",2024-05-17,23,ok,valor > 0 e data válida,0
4315750,2024-04-24,início do período estadual dos eventos climáticos,"Decreto Estadual RS nº 57.604/2024, art. 1º",2024-05-22,28,ok,valor > 0 e data válida,0
4316204,2024-04-24,início do período estadual dos eventos climáticos,"Decreto Estadual RS nº 57.604/2024, art. 1º",2024-05-17,23,ok,valor > 0 e data válida,0
4316402,2024-04-24,início do período estadual dos eventos climáticos,"Decreto Estadual RS nº 57.604/2024, art. 1º",2024-07-24,91,ok,valor > 0 e data válida,0
4316501,2024-04-24,início do período estadual dos eventos climáticos,"Decreto Estadual RS nº 57.604/2024, art. 1º",2024-05-22,28,ok,valor > 0 e data válida,0
4316758,2024-04-24,início do período estadual dos eventos climáticos,"Decreto Estadual RS nº 57.604/2024, art. 1º",2024-05-23,29,ok,valor > 0 e data válida,1
4317301,2024-04-24,início do período estadual dos eventos climáticos,"Decreto Estadual RS nº 57.604/2024, art. 1º",2024-05-22,28,ok,valor > 0 e data válida,0
4317004,2024-04-24,início do período estadual dos eventos climáticos,"Decreto Estadual RS nº 57.604/2024, art. 1º",2024-05-17,23,ok,valor > 0 e data válida,0
4317509,2024-04-24,início do período estadual dos eventos climáticos,"Decreto Estadual RS nº 57.604/2024, art. 1º",2024-06-13,50,ok,valor > 0 e data válida,0
4317608,2024-04-24,início do período estadual dos eventos climáticos,"Decreto Estadual RS nº 57.604/2024, art. 1º",2024-07-24,91,ok,valor > 0 e data válida,0
4317558,2024-04-24,início do período estadual dos eventos climáticos,"Decreto Estadual RS nº 57.604/2024, art. 1º",2024-05-17,23,ok,valor > 0 e data válida,0
4318002,2024-04-24,início do período estadual dos eventos climáticos,"Decreto Estadual RS nº 57.604/2024, art. 1º",2024-05-17,23,ok,valor > 0 e data válida,0
4318051,2024-04-24,início do período estadual dos eventos climáticos,"Decreto Estadual RS nº 57.604/2024, art. 1º",2024-05-17,23,ok,valor > 0 e data válida,0
4318101,2024-04-24,início do período estadual dos eventos climáticos,"Decreto Estadual RS nº 57.604/2024, art. 1º",2024-05-22,28,ok,valor > 0 e data válida,0
4318200,2024-04-24,início do período estadual dos eventos climáticos,"Decreto Estadual RS nº 57.604/2024, art. 1º",2024-05-29,35,ok,valor > 0 e data válida,1
4318440,2024-04-24,início do período estadual dos eventos climáticos,"Decreto Estadual RS nº 57.604/2024, art. 1º",2024-05-17,23,ok,valor > 0 e data válida,0
4318481,2024-04-24,início do período estadual dos eventos climáticos,"Decreto Estadual RS nº 57.604/2024, art. 1º",2024-05-29,35,ok,valor > 0 e data válida,0
4318614,2024-04-24,início do período estadual dos eventos climáticos,"Decreto Estadual RS nº 57.604/2024, art. 1º",2024-06-13,50,ok,valor > 0 e data válida,0
4318903,2024-04-24,início do período estadual dos eventos climáticos,"Decreto Estadual RS nº 57.604/2024, art. 1º",2024-06-20,57,ok,valor > 0 e data válida,0
4319000,2024-04-24,início do período estadual dos eventos climáticos,"Decreto Estadual RS nº 57.604/2024, art. 1º",2024-05-29,35,ok,valor > 0 e data válida,0
4319406,2024-04-24,início do período estadual dos eventos climáticos,"Decreto Estadual RS nº 57.604/2024, art. 1º",2024-05-22,28,ok,valor > 0 e data válida,0
4319703,2024-04-24,início do período estadual dos eventos climáticos,"Decreto Estadual RS nº 57.604/2024, art. 1º",2024-05-22,28,ok,valor > 0 e data válida,0
4319901,2024-04-24,início do período estadual dos eventos climáticos,"Decreto Estadual RS nº 57.604/2024, art. 1º",2024-06-20,57,ok,valor > 0 e data válida,0
4320305,2024-04-24,início do período estadual dos eventos climáticos,"Decreto Estadual RS nº 57.604/2024, art. 1º",2024-07-24,91,ok,valor > 0 e data válida,0
4320800,2024-04-24,início do período estadual dos eventos climáticos,"Decreto Estadual RS nº 57.604/2024, art. 1º",2024-05-22,28,ok,valor > 0 e data válida,0
4321105,2024-04-24,início do período estadual dos eventos climáticos,"Decreto Estadual RS nº 57.604/2024, art. 1º",2024-06-25,62,ok,valor > 0 e data válida,0
4321667,2024-04-24,início do período estadual dos eventos climáticos,"Decreto Estadual RS nº 57.604/2024, art. 1º",2024-07-12,79,ok,valor > 0 e data válida,0
4321832,2024-04-24,início do período estadual dos eventos climáticos,"Decreto Estadual RS nº 57.604/2024, art. 1º",2024-05-17,23,ok,valor > 0 e data válida,0
4321907,2024-04-24,início do período estadual dos eventos climáticos,"Decreto Estadual RS nº 57.604/2024, art. 1º",2024-05-22,28,ok,valor > 0 e data válida,0
4322152,2024-04-24,início do período estadual dos eventos climáticos,"Decreto Estadual RS nº 57.604/2024, art. 1º",2024-05-17,23,ok,valor > 0 e data válida,0
4322251,2024-04-24,início do período estadual dos eventos climáticos,"Decreto Estadual RS nº 57.604/2024, art. 1º",2024-05-22,28,ok,valor > 0 e data válida,0
4322400,2024-04-24,início do período estadual dos eventos climáticos,"Decreto Estadual RS nº 57.604/2024, art. 1º",2024-05-22,28,ok,valor > 0 e data válida,0
4322509,2024-04-24,início do período estadual dos eventos climáticos,"Decreto Estadual RS nº 57.604/2024, art. 1º",2024-06-13,50,ok,valor > 0 e data válida,0
4322541,2024-04-24,início do período estadual dos eventos climáticos,"Decreto Estadual RS nº 57.604/2024, art. 1º",2024-06-13,50,ok,valor > 0 e data válida,0
4323457,2024-04-24,início do período estadual dos eventos climáticos,"Decreto Estadual RS nº 57.604/2024, art. 1º",2024-07-01,68,ok,valor > 0 e data válida,0
4323606,2024-04-24,início do período estadual dos eventos climáticos,"Decreto Estadual RS nº 57.604/2024, art. 1º",2024-05-29,35,ok,valor > 0 e data válida,0
4323770,2024-04-24,início do período estadual dos eventos climáticos,"Decreto Estadual RS nº 57.604/2024, art. 1º",2024-06-10,47,ok,valor > 0 e data válida,0
4300554,2024-04-24,início do período estadual dos eventos climáticos,"Decreto Estadual RS nº 57.604/2024, art. 1º",2024-05-29,35,ok,valor > 0 e data válida,0
4300638,2024-04-24,início do período estadual dos eventos climáticos,"Decreto Estadual RS nº 57.604/2024, art. 1º",2024-06-03,40,ok,valor > 0 e data válida,0
4300901,2024-04-24,início do período estadual dos eventos climáticos,"Decreto Estadual RS nº 57.604/2024, art. 1º",2024-05-22,28,ok,valor > 0 e data válida,0
4301305,2024-04-24,início do período estadual dos eventos climáticos,"Decreto Estadual RS nº 57.604/2024, art. 1º",2024-07-26,93,ok,valor > 0 e data válida,0
4301909,2024-04-24,início do período estadual dos eventos climáticos,"Decreto Estadual RS nº 57.604/2024, art. 1º",2024-05-17,23,ok,valor > 0 e data válida,0
4302006,2024-04-24,início do período estadual dos eventos climáticos,"Decreto Estadual RS nº 57.604/2024, art. 1º",2024-06-20,57,ok,valor > 0 e data válida,0
4302055,2024-04-24,início do período estadual dos eventos climáticos,"Decreto Estadual RS nº 57.604/2024, art. 1º",2024-05-22,28,ok,valor > 0 e data válida,0
4302154,2024-04-24,início do período estadual dos eventos climáticos,"Decreto Estadual RS nº 57.604/2024, art. 1º",2024-05-17,23,ok,valor > 0 e data válida,0
4302600,2024-04-24,início do período estadual dos eventos climáticos,"Decreto Estadual RS nº 57.604/2024, art. 1º",2024-07-01,68,ok,valor > 0 e data válida,0
4302659,2024-04-24,início do período estadual dos eventos climáticos,"Decreto Estadual RS nº 57.604/2024, art. 1º",2024-06-05,42,ok,valor > 0 e data válida,0
4303509,2024-04-24,início do período estadual dos eventos climáticos,"Decreto Estadual RS nº 57.604/2024, art. 1º",2024-05-17,23,ok,valor > 0 e data válida,0
4303673,2024-04-24,início do período estadual dos eventos climáticos,"Decreto Estadual RS nº 57.604/2024, art. 1º",2024-05-29,35,ok,valor > 0 e data válida,0
4303806,2024-04-24,início do período estadual dos eventos climáticos,"Decreto Estadual RS nº 57.604/2024, art. 1º",2024-05-20,26,ok,valor > 0 e data válida,0
4304309,2024-04-24,início do período estadual dos eventos climáticos,"Decreto Estadual RS nº 57.604/2024, art. 1º",2024-06-04,41,ok,valor > 0 e data válida,0
4304507,2024-04-24,início do período estadual dos eventos climáticos,"Decreto Estadual RS nº 57.604/2024, art. 1º",2024-05-22,28,ok,valor > 0 e data válida,0
4304903,2024-04-24,início do período estadual dos eventos climáticos,"Decreto Estadual RS nº 57.604/2024, art. 1º",2024-05-22,28,ok,valor > 0 e data válida,0
4305124,2024-04-24,início do período estadual dos eventos climáticos,"Decreto Estadual RS nº 57.604/2024, art. 1º",2024-05-29,35,ok,valor > 0 e data válida,0
4305157,2024-04-24,início do período estadual dos eventos climáticos,"Decreto Estadual RS nº 57.604/2024, art. 1º",2024-05-20,26,ok,valor > 0 e data válida,0
4305306,2024-04-24,início do período estadual dos eventos climáticos,"Decreto Estadual RS nº 57.604/2024, art. 1º",2024-05-22,28,ok,valor > 0 e data válida,0
4305603,2024-04-24,início do período estadual dos eventos climáticos,"Decreto Estadual RS nº 57.604/2024, art. 1º",2024-06-10,47,ok,valor > 0 e data válida,0
4305900,2024-04-24,início do período estadual dos eventos climáticos,"Decreto Estadual RS nº 57.604/2024, art. 1º",2024-05-22,28,ok,valor > 0 e data válida,0
4306056,2024-04-24,início do período estadual dos eventos climáticos,"Decreto Estadual RS nº 57.604/2024, art. 1º",2024-05-20,26,ok,valor > 0 e data válida,0
4306106,2024-04-24,início do período estadual dos eventos climáticos,"Decreto Estadual RS nº 57.604/2024, art. 1º",2024-05-22,28,ok,valor > 0 e data válida,0
4306320,2024-04-24,início do período estadual dos eventos climáticos,"Decreto Estadual RS nº 57.604/2024, art. 1º",2024-05-23,29,ok,valor > 0 e data válida,0
4306379,2024-04-24,início do período estadual dos eventos climáticos,"Decreto Estadual RS nº 57.604/2024, art. 1º",2024-05-29,35,ok,valor > 0 e data válida,0
4306429,2024-04-24,início do período estadual dos eventos climáticos,"Decreto Estadual RS nº 57.604/2024, art. 1º",2024-05-17,23,ok,valor > 0 e data válida,0
4306502,2024-04-24,início do período estadual dos eventos climáticos,"Decreto Estadual RS nº 57.604/2024, art. 1º",2024-05-17,23,ok,valor > 0 e data válida,0
4306734,2024-04-24,início do período estadual dos eventos climáticos,"Decreto Estadual RS nº 57.604/2024, art. 1º",2024-05-23,29,ok,valor > 0 e data válida,0
4306924,2024-04-24,início do período estadual dos eventos climáticos,"Decreto Estadual RS nº 57.604/2024, art. 1º",2024-05-17,23,ok,valor > 0 e data válida,0
4307302,2024-04-24,início do período estadual dos eventos climáticos,"Decreto Estadual RS nº 57.604/2024, art. 1º",2024-05-17,23,ok,valor > 0 e data válida,0
4307450,2024-04-24,início do período estadual dos eventos climáticos,"Decreto Estadual RS nº 57.604/2024, art. 1º",2024-06-20,57,ok,valor > 0 e data válida,0
4307500,2024-04-24,início do período estadual dos eventos climáticos,"Decreto Estadual RS nº 57.604/2024, art. 1º",2024-05-22,28,ok,valor > 0 e data válida,0
4308854,2024-04-24,início do período estadual dos eventos climáticos,"Decreto Estadual RS nº 57.604/2024, art. 1º",2024-05-22,28,ok,valor > 0 e data válida,0
4308904,2024-04-24,início do período estadual dos eventos climáticos,"Decreto Estadual RS nº 57.604/2024, art. 1º",2024-06-13,50,ok,valor > 0 e data válida,0
4309159,2024-04-24,início do período estadual dos eventos climáticos,"Decreto Estadual RS nº 57.604/2024, art. 1º",2024-05-22,28,ok,valor > 0 e data válida,0
4309654,2024-04-24,início do período estadual dos eventos climáticos,"Decreto Estadual RS nº 57.604/2024, art. 1º",2024-07-26,93,ok,valor > 0 e data válida,0
4309951,2024-04-24,início do período estadual dos eventos climáticos,"Decreto Estadual RS nº 57.604/2024, art. 1º",2024-05-22,28,ok,valor > 0 e data válida,0
4310306,2024-04-24,início do período estadual dos eventos climáticos,"Decreto Estadual RS nº 57.604/2024, art. 1º",2024-06-03,40,ok,valor > 0 e data válida,0
4310504,2024-04-24,início do período estadual dos eventos climáticos,"Decreto Estadual RS nº 57.604/2024, art. 1º",2024-05-22,28,ok,valor > 0 e data válida,0
4310850,2024-04-24,início do período estadual dos eventos climáticos,"Decreto Estadual RS nº 57.604/2024, art. 1º",2024-05-17,23,ok,valor > 0 e data válida,0
4311270,2024-04-24,início do período estadual dos eventos climáticos,"Decreto Estadual RS nº 57.604/2024, art. 1º",2024-05-17,23,ok,valor > 0 e data válida,0
4311254,2024-04-24,início do período estadual dos eventos climáticos,"Decreto Estadual RS nº 57.604/2024, art. 1º",2024-05-22,28,ok,valor > 0 e data válida,0
4311627,2024-04-24,início do período estadual dos eventos climáticos,"Decreto Estadual RS nº 57.604/2024, art. 1º",2024-06-05,42,ok,valor > 0 e data válida,0
4311643,2024-04-24,início do período estadual dos eventos climáticos,"Decreto Estadual RS nº 57.604/2024, art. 1º",2024-07-26,93,ok,valor > 0 e data válida,0
4311700,2024-04-24,início do período estadual dos eventos climáticos,"Decreto Estadual RS nº 57.604/2024, art. 1º",2024-06-20,57,ok,valor > 0 e data válida,0
4311734,2024-04-24,início do período estadual dos eventos climáticos,"Decreto Estadual RS nº 57.604/2024, art. 1º",2024-07-26,93,ok,valor > 0 e data válida,0
4311809,2024-04-24,início do período estadual dos eventos climáticos,"Decreto Estadual RS nº 57.604/2024, art. 1º",2024-05-17,23,ok,valor > 0 e data válida,0
4311908,2024-04-24,início do período estadual dos eventos climáticos,"Decreto Estadual RS nº 57.604/2024, art. 1º",2024-05-17,23,ok,valor > 0 e data válida,0
4312203,2024-04-24,início do período estadual dos eventos climáticos,"Decreto Estadual RS nº 57.604/2024, art. 1º",2024-07-10,77,ok,valor > 0 e data válida,0
4312351,2024-04-24,início do período estadual dos eventos climáticos,"Decreto Estadual RS nº 57.604/2024, art. 1º",2024-06-20,57,ok,valor > 0 e data válida,0
4312708,2024-04-24,início do período estadual dos eventos climáticos,"Decreto Estadual RS nº 57.604/2024, art. 1º",2024-05-20,26,ok,valor > 0 e data válida,0
4312955,2024-04-24,início do período estadual dos eventos climáticos,"Decreto Estadual RS nº 57.604/2024, art. 1º",2024-05-22,28,ok,valor > 0 e data válida,0
4313425,2024-04-24,início do período estadual dos eventos climáticos,"Decreto Estadual RS nº 57.604/2024, art. 1º",2024-06-13,50,ok,valor > 0 e data válida,0
4313706,2024-04-24,início do período estadual dos eventos climáticos,"Decreto Estadual RS nº 57.604/2024, art. 1º",2024-05-29,35,ok,valor > 0 e data válida,0
4313805,2024-04-24,início do período estadual dos eventos climáticos,"Decreto Estadual RS nº 57.604/2024, art. 1º",2024-05-22,28,ok,valor > 0 e data válida,0
4314134,2024-04-24,início do período estadual dos eventos climáticos,"Decreto Estadual RS nº 57.604/2024, art. 1º",2024-05-22,28,ok,valor > 0 e data válida,1
4314175,2024-04-24,início do período estadual dos eventos climáticos,"Decreto Estadual RS nº 57.604/2024, art. 1º",2024-07-01,68,ok,valor > 0 e data válida,0
4314209,2024-04-24,início do período estadual dos eventos climáticos,"Decreto Estadual RS nº 57.604/2024, art. 1º",2024-05-29,35,ok,valor > 0 e data válida,0
4314456,2024-04-24,início do período estadual dos eventos climáticos,"Decreto Estadual RS nº 57.604/2024, art. 1º",2024-05-22,28,ok,valor > 0 e data válida,0
4314555,2024-04-24,início do período estadual dos eventos climáticos,"Decreto Estadual RS nº 57.604/2024, art. 1º",2024-07-26,93,ok,valor > 0 e data válida,2
4314605,2024-04-24,início do período estadual dos eventos climáticos,"Decreto Estadual RS nº 57.604/2024, art. 1º",2024-06-03,40,ok,valor > 0 e data válida,0
4315057,2024-04-24,início do período estadual dos eventos climáticos,"Decreto Estadual RS nº 57.604/2024, art. 1º",2024-06-20,57,ok,valor > 0 e data válida,0
4315149,2024-04-24,início do período estadual dos eventos climáticos,"Decreto Estadual RS nº 57.604/2024, art. 1º",2024-06-20,57,ok,valor > 0 e data válida,0
4315156,2024-04-24,início do período estadual dos eventos climáticos,"Decreto Estadual RS nº 57.604/2024, art. 1º",2024-05-20,26,ok,valor > 0 e data válida,0
4315404,2024-04-24,início do período estadual dos eventos climáticos,"Decreto Estadual RS nº 57.604/2024, art. 1º",2024-05-20,26,ok,valor > 0 e data válida,0
4315909,2024-04-24,início do período estadual dos eventos climáticos,"Decreto Estadual RS nº 57.604/2024, art. 1º",2024-05-22,28,ok,valor > 0 e data válida,1
4316105,2024-04-24,início do período estadual dos eventos climáticos,"Decreto Estadual RS nº 57.604/2024, art. 1º",2024-05-22,28,ok,valor > 0 e data válida,0
4316303,2024-04-24,início do período estadual dos eventos climáticos,"Decreto Estadual RS nº 57.604/2024, art. 1º",2024-05-17,23,ok,valor > 0 e data válida,0
4316428,2024-04-24,início do período estadual dos eventos climáticos,"Decreto Estadual RS nº 57.604/2024, art. 1º",2024-05-17,23,ok,valor > 0 e data válida,0
4316451,2024-04-24,início do período estadual dos eventos climáticos,"Decreto Estadual RS nº 57.604/2024, art. 1º",2024-05-22,28,ok,valor > 0 e data válida,0
4316477,2024-04-24,início do período estadual dos eventos climáticos,"Decreto Estadual RS nº 57.604/2024, art. 1º",2024-06-05,42,ok,valor > 0 e data válida,0
4317954,2024-04-24,início do período estadual dos eventos climáticos,"Decreto Estadual RS nº 57.604/2024, art. 1º",2024-06-03,40,ok,valor > 0 e data válida,0
4318309,2024-04-24,início do período estadual dos eventos climáticos,"Decreto Estadual RS nº 57.604/2024, art. 1º",2024-05-17,23,ok,valor > 0 e data válida,1
4318424,2024-04-24,início do período estadual dos eventos climáticos,"Decreto Estadual RS nº 57.604/2024, art. 1º",2024-05-29,35,ok,valor > 0 e data válida,0
4319109,2024-04-24,início do período estadual dos eventos climáticos,"Decreto Estadual RS nº 57.604/2024, art. 1º",2024-07-01,68,ok,valor > 0 e data válida,0
4319356,2024-04-24,início do período estadual dos eventos climáticos,"Decreto Estadual RS nº 57.604/2024, art. 1º",2024-07-10,77,ok,valor > 0 e data válida,0
4319364,2024-04-24,início do período estadual dos eventos climáticos,"Decreto Estadual RS nº 57.604/2024, art. 1º",2024-05-20,26,ok,valor > 0 e data válida,0
4319604,2024-04-24,início do período estadual dos eventos climáticos,"Decreto Estadual RS nº 57.604/2024, art. 1º",2024-05-22,28,ok,valor > 0 e data válida,0
4319802,2024-04-24,início do período estadual dos eventos climáticos,"Decreto Estadual RS nº 57.604/2024, art. 1º",2024-06-05,42,ok,valor > 0 e data válida,0
4320107,2024-04-24,início do período estadual dos eventos climáticos,"Decreto Estadual RS nº 57.604/2024, art. 1º",2024-05-22,28,ok,valor > 0 e data válida,0
4320453,2024-04-24,início do período estadual dos eventos climáticos,"Decreto Estadual RS nº 57.604/2024, art. 1º",2024-05-23,29,ok,valor > 0 e data válida,0
4320503,2024-04-24,início do período estadual dos eventos climáticos,"Decreto Estadual RS nº 57.604/2024, art. 1º",2024-05-17,23,ok,valor > 0 e data válida,0
4321634,2024-04-24,início do período estadual dos eventos climáticos,"Decreto Estadual RS nº 57.604/2024, art. 1º",2024-07-26,93,ok,valor > 0 e data válida,0
4321857,2024-04-24,início do período estadual dos eventos climáticos,"Decreto Estadual RS nº 57.604/2024, art. 1º",2024-05-20,26,ok,valor > 0 e data válida,0
4321956,2024-04-24,início do período estadual dos eventos climáticos,"Decreto Estadual RS nº 57.604/2024, art. 1º",2024-05-20,26,ok,valor > 0 e data válida,0
4322202,2024-04-24,início do período estadual dos eventos climáticos,"Decreto Estadual RS nº 57.604/2024, art. 1º",2024-05-17,23,ok,valor > 0 e data válida,0
4322343,2024-04-24,início do período estadual dos eventos climáticos,"Decreto Estadual RS nº 57.604/2024, art. 1º",2024-06-20,57,ok,valor > 0 e data válida,0
4322533,2024-04-24,início do período estadual dos eventos climáticos,"Decreto Estadual RS nº 57.604/2024, art. 1º",2024-06-20,57,ok,valor > 0 e data válida,0
4323101,2024-04-24,início do período estadual dos eventos climáticos,"Decreto Estadual RS nº 57.604/2024, art. 1º",2024-05-17,23,ok,valor > 0 e data válida,0
4323408,2024-04-24,início do período estadual dos eventos climáticos,"Decreto Estadual RS nº 57.604/2024, art. 1º",2024-05-22,28,ok,valor > 0 e data válida,0
4323705,2024-04-24,início do período estadual dos eventos climáticos,"Decreto Estadual RS nº 57.604/2024, art. 1º",2024-05-22,28,ok,valor > 0 e data válida,0
4323754,2024-04-24,início do período estadual dos eventos climáticos,"Decreto Estadual RS nº 57.604/2024, art. 1º",2024-07-26,93,ok,valor > 0 e data válida,0
4305009,2024-04-24,início do período estadual dos eventos climáticos,"Decreto Estadual RS nº 57.604/2024, art. 1º",2024-06-13,50,ok,valor > 0 e data válida,0
4305871,2024-04-24,início do período estadual dos eventos climáticos,"Decreto Estadual RS nº 57.604/2024, art. 1º",2024-06-24,61,ok,valor > 0 e data válida,1
4306007,2024-04-24,início do período estadual dos eventos climáticos,"Decreto Estadual RS nº 57.604/2024, art. 1º",2024-06-05,42,ok,valor > 0 e data válida,0
4306353,2024-04-24,início do período estadual dos eventos climáticos,"Decreto Estadual RS nº 57.604/2024, art. 1º",2024-07-12,79,ok,valor > 0 e data válida,0
4308508,2024-04-24,início do período estadual dos eventos climáticos,"Decreto Estadual RS nº 57.604/2024, art. 1º",2024-07-12,79,ok,valor > 0 e data válida,0
4309001,2024-04-24,início do período estadual dos eventos climáticos,"Decreto Estadual RS nº 57.604/2024, art. 1º",2024-07-24,91,ok,valor > 0 e data válida,0
4310702,2024-04-24,início do período estadual dos eventos climáticos,"Decreto Estadual RS nº 57.604/2024, art. 1º",2024-06-13,50,ok,valor > 0 e data válida,0
4310900,2024-04-24,início do período estadual dos eventos climáticos,"Decreto Estadual RS nº 57.604/2024, art. 1º",2024-06-12,49,ok,valor > 0 e data válida,0
4311304,2024-04-24,início do período estadual dos eventos climáticos,"Decreto Estadual RS nº 57.604/2024, art. 1º",2024-07-10,77,ok,valor > 0 e data válida,0
4312500,2024-04-24,início do período estadual dos eventos climáticos,"Decreto Estadual RS nº 57.604/2024, art. 1º",2024-07-12,79,ok,valor > 0 e data válida,0
4314548,2024-04-24,início do período estadual dos eventos climáticos,"Decreto Estadual RS nº 57.604/2024, art. 1º",2024-06-25,62,ok,valor > 0 e data válida,0
4318457,2024-04-24,início do período estadual dos eventos climáticos,"Decreto Estadual RS nº 57.604/2024, art. 1º",2024-06-13,50,ok,valor > 0 e data válida,0
4319208,2024-04-24,início do período estadual dos eventos climáticos,"Decreto Estadual RS nº 57.604/2024, art. 1º",2024-06-21,58,ok,valor > 0 e data válida,0
4319307,2024-04-24,início do período estadual dos eventos climáticos,"Decreto Estadual RS nº 57.604/2024, art. 1º",2024-07-10,77,ok,valor > 0 e data válida,0
4320321,2024-04-24,início do período estadual dos eventos climáticos,"Decreto Estadual RS nº 57.604/2024, art. 1º",2024-07-12,79,ok,valor > 0 e data válida,0
4321477,2024-04-24,início do período estadual dos eventos climáticos,"Decreto Estadual RS nº 57.604/2024, art. 1º",2024-06-13,50,ok,valor > 0 e data válida,0
4321493,2024-04-24,início do período estadual dos eventos climáticos,"Decreto Estadual RS nº 57.604/2024, art. 1º",2024-07-12,79,ok,valor > 0 e data válida,0
4322350,2024-04-24,início do período estadual dos eventos climáticos,"Decreto Estadual RS nº 57.604/2024, art. 1º",2024-07-24,91,ok,valor > 0 e data válida,0
4322905,2024-04-24,início do período estadual dos eventos climáticos,"Decreto Estadual RS nº 57.604/2024, art. 1º",2024-06-21,58,ok,valor > 0 e data válida,0
