Data,Processo,Recurso,Empenho,CNPJ,Credor,Município,Valor
2024-09-26 00:00:00,24080400010231,Judiciário,24005579303,55397324000105,Fundo Mun Defesa Civil de Ivora,Ivora,"R$ 784883,72"
2024-09-06 00:00:00,24080400009900,Judiciário,24005171712,55683798000105,Fundo Mun Prot e Defesa Civil de Charqueadas,Charqueadas,"R$ 2093023,26"
2024-09-04 00:00:00,24080400009624,Judiciário,24005056879,55195693000107,Fundo Mun Protecao e Defesa Civil de Guaiba,Guaiba,"R$ 3924418,60"
2024-08-22 00:00:00,24080400009187,Judiciário,24004790061,54040958000135,Fundo Mun Defesa Civil Forquetinha,Forquetinha,"R$ 784883,72"
2024-08-12 00:00:00,24080400008814,Judiciário,24004545202,55522654000177,Fundo Mun Defesa Civil de Alvorada,Alvorada,"R$ 5232558,14"
2024-08-09 00:00:00,24080400008091,Tesouro,24004141526,55758602000102,Fundo Mun Defesa Civil de Pirapo,Pirapo,"R$ 200000,00"
2024-08-02 00:00:00,24080400008091,Tesouro,24004141526,55758602000102,Fundo Mun Defesa Civil de Pirapo,Pirapo,"-R$ 400000,00"
2024-08-01 00:00:00,24080400008091,Tesouro,24004141526,55758602000102,Fundo Mun Defesa Civil de Pirapo,Pirapo,"R$ 400000,00"
2024-07-29 00:00:00,24080400008091,Tesouro,24004141526,55758602000102,Fundo Mun Defesa Civil de Pirapo,Pirapo,"-R$ 400000,00"
2024-07-26 00:00:00,24080400008075,Tesouro,24004137227,53288203000191,Fundo Mun Defesa Civil de Cachoeirinha,Cachoeirinha,"R$ 350000,00"
2024-07-26 00:00:00,24080400008091,Tesouro,24004138034,55522654000177,Fundo Mun Defesa Civil de Alvorada,Alvorada,"R$ 200000,00"
2024-07-26 00:00:00,24080400008091,Tesouro,24004138244,54990677000143,Fundo Mun Prot Defesa Civil de Ararica,Ararica,"R$ 200000,00"
2024-07-26 00:00:00,24080400008091,Tesouro,24004139879,53126924000103,Fundo Munic Defesa Civil Arroio Grande,Arroio Grande,"R$ 200000,00"
2024-07-26 00:00:00,24080400008091,Tesouro,24004139883,53481476000158,Fundo Mun Defesa Civil de Bage,Bage,"R$ 200000,00"
2024-07-26 00:00:00,24080400008091,Tesouro,24004140940,53288203000191,Fundo Mun Defesa Civil de Cachoeirinha,Cachoeirinha,"R$ 200000,00"
2024-07-26 00:00:00,24080400008091,Tesouro,24004140952,53878144000101,Fundo Mun Prot Defesa Civil Canudos do Vale,Canudos do Vale,"R$ 200000,00"
2024-07-26 00:00:00,24080400008091,Tesouro,24004141083,26341864000160,Pref Mun de Carlos Barbosa,Carlos Barbosa,"R$ 200000,00"
2024-07-26 00:00:00,24080400008091,Tesouro,24004141145,55551665000185,Fundo Mun Prot Defesa Civil de Guabiju,Guabiju,"R$ 200000,00"
2024-07-26 00:00:00,24080400008091,Tesouro,24004141299,53189269000124,Pref Mun de Hulha Negra,Hulha Negra,"R$ 200000,00"
2024-07-26 00:00:00,24080400008091,Tesouro,24004141387,53180095000139,Fundo Munic Defesa Civil Itaqui,Itaqui,"R$ 200000,00"
2024-07-26 00:00:00,24080400008091,Tesouro,24004141460,55645864000152,Fundo Mun Prot e Defesa Civil de Linha Nova,Linha Nova,"R$ 200000,00"
2024-07-26 00:00:00,24080400008091,Tesouro,24004141508,55096981000104,Fundo Mun Prot Defesa Civil de Mampituba,Mampituba,"R$ 200000,00"
2024-07-26 00:00:00,24080400008091,Tesouro,24004141526,55758602000102,Fundo Mun Defesa Civil de Pirapo,Pirapo,"R$ 400000,00"
2024-07-26 00:00:00,24080400008091,Tesouro,24004141541,55858276000105,Fundo Mun Defesa Civil de Porto Alegre,Porto Alegre,"R$ 200000,00"
2024-07-26 00:00:00,24080400008091,Tesouro,24004141568,55312401000179,Fundo Mun Defesa Civil Rosario do Sul,Rosario do Sul,"R$ 200000,00"
2024-07-26 00:00:00,24080400008091,Tesouro,24004141610,34844830000117,Fundo Mun Def Civil Santo Antonio da Patrulha,Santo Antonio da Patrulha,"R$ 200000,00"
2024-07-26 00:00:00,24080400008091,Tesouro,24004141707,55623032000135,Fundo Mun Defesa Civil de Selbach,Selbach,"R$ 200000,00"
2024-07-26 00:00:00,24080400008091,Tesouro,24004141745,53470302000190,Fundo Mun Protecao Defesa Civil Tres Arroios,Tres Arroios,"R$ 200000,00"
2024-07-26 00:00:00,24080400008091,Tesouro,24004141775,55805698000104,Fundo Mun Defesa Civil Tres Cachoeiras,Tres Cachoeiras,"R$ 200000,00"
2024-07-26 00:00:00,24080400008091,Tesouro,24004141794,55927366000100,Fundo Mun Prot Def Civil Vitoria das Missoes,Vitoria das Missoes,"R$ 200000,00"
2024-07-25 00:00:00,24080400008075,Tesouro,24004137227,53288203000191,Fundo Mun Defesa Civil de Cachoeirinha,Cachoeirinha,"-R$ 700000,00"
2024-07-25 00:00:00,24080400008130,Judiciário,24004161281,53284270000138,Fundo Mun Defesa Civil Bom Retiro do Sul,Bom Retiro do Sul,"R$ 1046511,63"
2024-07-25 00:00:00,24080400008130,Judiciário,24004161514,53288203000191,Fundo Mun Defesa Civil de Cachoeirinha,Cachoeirinha,"R$ 4709302,33"
2024-07-25 00:00:00,24080400008130,Judiciário,24004161605,53134303000163,Fundo Mun Defesa Civil Eldorado do Sul,Eldorado do Sul,"R$ 2354651,16"
2024-07-25 00:00:00,24080400008130,Judiciário,24004161618,53133824000104,Fundo Mun Defesa Civil de Jaguari,Jaguari,"R$ 1046511,63"
2024-07-25 00:00:00,24080400008130,Judiciário,24004161644,53164437000127,Fundo Mun Defesa Civil de Mucum,Mucum,"R$ 784883,72"
2024-07-25 00:00:00,24080400008130,Judiciário,24004161735,55682307000101,Fundo Mun Defesa Civil de Pouso Novo,Pouso Novo,"R$ 784883,72"
2024-07-25 00:00:00,24080400008130,Judiciário,24004161746,55740978000181,Fundo Mun Defesa Civil de Santa Cruz do Sul,Santa Cruz do Sul,"R$ 4709302,33"
2024-07-25 00:00:00,24080400008237,Judiciário,24004158394,14862960000175,Fundo Mun Defesa Civil Fontoura Xavier,Fontoura Xavier,"R$ 784883,72"
2024-07-25 00:00:00,24080400008237,Tesouro,24004158579,14862960000175,Fundo Mun Defesa Civil Fontoura Xavier,Fontoura Xavier,"R$ 200000,00"
2024-07-25 00:00:00,24080400008237,Tesouro,24004158614,14862960000175,Fundo Mun Defesa Civil Fontoura Xavier,Fontoura Xavier,"R$ 350000,00"
2024-07-24 00:00:00,24080400008075,Tesouro,24004136968,55062207000182,Fundo Mun Defesa Civil Arroio dos Ratos,Arroio dos Ratos,"R$ 150000,00"
2024-07-24 00:00:00,24080400008075,Tesouro,24004137081,53481476000158,Fundo Mun Defesa Civil de Bage,Bage,"R$ 150000,00"
2024-07-24 00:00:00,24080400008075,Tesouro,24004137227,53288203000191,Fundo Mun Defesa Civil de Cachoeirinha,Cachoeirinha,"R$ 700000,00"
2024-07-24 00:00:00,24080400008075,Tesouro,24004137267,53113587000101,Pref Mun de Caicara,Caicara,"R$ 150000,00"
2024-07-24 00:00:00,24080400008075,Tesouro,24004137292,53473923000127,Pref Mun de Girua,Girua,"R$ 150000,00"
2024-07-24 00:00:00,24080400008075,Tesouro,24004137311,55195693000107,Fundo Mun Protecao e Defesa Civil de Guaiba,Guaiba,"R$ 350000,00"
2024-07-24 00:00:00,24080400008075,Tesouro,24004137328,53180095000139,Fundo Munic Defesa Civil Itaqui,Itaqui,"R$ 150000,00"
2024-07-24 00:00:00,24080400008075,Tesouro,24004137355,20934248000137,Preefeitura Mun de Liberato Salzano,Liberato Salzano,"R$ 150000,00"
2024-07-24 00:00:00,24080400008075,Tesouro,24004137405,55312117000100,Fundo Mun Defesa Civil de Paverama,Paverama,"R$ 150000,00"
2024-07-24 00:00:00,24080400008075,Tesouro,24004137417,55858276000105,Fundo Mun Defesa Civil de Porto Alegre,Porto Alegre,"R$ 350000,00"
2024-07-24 00:00:00,24080400008075,Tesouro,24004137452,53105936000143,Fundo Mun Defesa Civil Porto Lucena,Porto Lucena,"R$ 150000,00"
2024-07-24 00:00:00,24080400008075,Tesouro,24004137485,55312401000179,Fundo Mun Defesa Civil Rosario do Sul,Rosario do Sul,"R$ 150000,00"
2024-07-24 00:00:00,24080400008075,Tesouro,24004137511,34844830000117,Fundo Mun Def Civil Santo Antonio da Patrulha,Santo Antonio da Patrulha,"R$ 150000,00"
2024-07-24 00:00:00,24080400008075,Tesouro,24004137630,53155872000195,Fundo Mun Defesa Civil Sao Francisco de Assis,Sao Francisco de Assis,"R$ 150000,00"
2024-07-24 00:00:00,24080400008075,Tesouro,24004137681,55623032000135,Fundo Mun Defesa Civil de Selbach,Selbach,"R$ 150000,00"
2024-07-24 00:00:00,24080400008075,Tesouro,24004137720,55727485000101,Fundo Mun Defesa Civil de Uniao da Serra,Uniao da Serra,"R$ 150000,00"
2024-07-22 00:00:00,24080400007982,Judiciário,24003965608,55858276000105,Fundo Mun Defesa Civil de Porto Alegre,Porto Alegre,"R$ 5232558,14"
2024-07-18 00:00:00,24080400007982,Judiciário,24003965608,55858276000105,Fundo Mun Defesa Civil de Porto Alegre,Porto Alegre,"-R$ 10465116,28"
2024-07-17 00:00:00,24080400007982,Judiciário,24003964491,53291871000178,Fundo Mun Defesa Civil de General Camara,General Camara,"R$ 784883,72"
2024-07-17 00:00:00,24080400007982,Judiciário,24003965119,55399849000171,Fundo Mun Prot Defesa Civil Nova Santa Rita,Nova Santa Rita,"R$ 1831395,35"
2024-07-17 00:00:00,24080400007982,Judiciário,24003965608,55858276000105,Fundo Mun Defesa Civil de Porto Alegre,Porto Alegre,"R$ 10465116,28"
2024-07-17 00:00:00,24080400007982,Judiciário,24003965782,53192204000138,Fundo Mun Defesa Civil de Vale Verde,Vale Verde,"R$ 784883,72"
2024-07-12 00:00:00,24080400007761,Tesouro,24003892116,53444587000194,Pref Mun de Antonio Prado,Antonio Prado,"R$ 150000,00"
2024-07-12 00:00:00,24080400007761,Tesouro,24003892244,54990677000143,Fundo Mun Prot Defesa Civil de Ararica,Ararica,"R$ 150000,00"
2024-07-12 00:00:00,24080400007761,Tesouro,24003892289,53180445000167,Pref Mun de Cachoeira do Sul,Cachoeira do Sul,"R$ 350000,00"
2024-07-12 00:00:00,24080400007761,Tesouro,24003893586,53191030000199,Fundo Mun de Defesa Civil de Candiota,Candiota,"R$ 150000,00"
2024-07-12 00:00:00,24080400007761,Tesouro,24003893918,55420580000168,Fundo Mun Defesa Civil de Chuvisca,Chuvisca,"R$ 150000,00"
2024-07-12 00:00:00,24080400007761,Tesouro,24003893937,55287105000165,Fundo Mun Def Civil Dezesseis de Novembro,Dezesseis de Novembro,"R$ 150000,00"
2024-07-12 00:00:00,24080400007761,Tesouro,24003894167,53181460000120,Pref Mun de Frederico Westphalen,Frederico Westphalen,"R$ 150000,00"
2024-07-12 00:00:00,24080400007761,Tesouro,24003894530,53054377000190,Pref Mun de Morro Redondo,Morro Redondo,"R$ 150000,00"
2024-07-12 00:00:00,24080400007761,Tesouro,24003894678,55662880000153,Fundo Mun Defesa Civil de Mostardas,Mostardas,"R$ 150000,00"
2024-07-12 00:00:00,24080400007761,Tesouro,24003894696,55133741000132,Fundo Mun Defesa Civil Nova Brescia,Nova Brescia,"R$ 150000,00"
2024-07-12 00:00:00,24080400007761,Tesouro,24003894713,53201487000137,Fundo Mun Prot Defesa Civil Nova Petropolis,Nova Petropolis,"R$ 150000,00"
2024-07-12 00:00:00,24080400007761,Tesouro,24003894775,53109764000186,Fundo Mun Prot e Defesa Civil de Parai,Parai,"R$ 150000,00"
2024-07-12 00:00:00,24080400007761,Tesouro,24003894788,18986003000101,Pref Mun de Salvador do Sul,Salvador do Sul,"R$ 150000,00"
2024-07-12 00:00:00,24080400007761,Tesouro,24003895022,53216341000165,Fundo Mun Defesa Civil Sao Jose do Hortensio,Sao Jose do Hortencio,"R$ 150000,00"
2024-07-12 00:00:00,24080400007761,Tesouro,24003895125,19073655000118,Fundo Municipal de Protecao Civil (fmpc),Sapiranga,"R$ 150000,00"
2024-07-12 00:00:00,24080400007761,Tesouro,24003895250,53133685000100,Pref Mun Senador Salgado Filho,Senador Salgado Filho,"R$ 150000,00"
2024-07-12 00:00:00,24080400007761,Tesouro,24003895390,55512134000183,Fundo Mun Prot Defesa Civil de Toropi,Toropi,"R$ 150000,00"
2024-07-12 00:00:00,24080400007761,Tesouro,24003895405,55805698000104,Fundo Mun Defesa Civil Tres Cachoeiras,Tres Cachoeiras,"R$ 150000,00"
2024-07-10 00:00:00,24080400007559,Tesouro,24003833323,54165441000172,Fundo Mun Defesa Civil de Garruchos,Garruchos,"R$ 200000,00"
2024-07-10 00:00:00,24080400007559,Tesouro,24003833633,55617256000134,Fundo Mun Prot Defesa Civil de Gramado,Gramado,"R$ 200000,00"
2024-07-10 00:00:00,24080400007559,Tesouro,24003835703,55397324000105,Fundo Mun Defesa Civil de Ivora,Ivora,"R$ 200000,00"
2024-07-10 00:00:00,24080400007559,Tesouro,24003835850,53158254000107,Pref Mun de Maximiliano de Almeida,Maximiliano de Almeida,"R$ 200000,00"
2024-07-10 00:00:00,24080400007559,Tesouro,24003836095,55572403000105,Fundo Mun Defesa Civil Sao Pedro da Serra,Sao Pedro da Serra,"R$ 200000,00"
2024-07-10 00:00:00,24080400007591,Judiciário,24003837122,55617256000134,Fundo Mun Prot Defesa Civil de Gramado,Gramado,"R$ 2354651,16"
2024-07-10 00:00:00,24080400007591,Judiciário,24003837204,53175986000105,Fundo Mun da Defesa Civil de Sao Jose do Norte,Sao Jose do Norte,"R$ 1831395,35"
2024-07-10 00:00:00,24080400007648,Tesouro,24003838915,53190448000181,Fundo Mun Defesa Civil de Alegrete,Alegrete,"R$ 150000,00"
2024-07-10 00:00:00,24080400007648,Tesouro,24003838963,55596083000115,Fundo Mun Defesa Civil Augusto Pestana,Augusto Pestana,"R$ 150000,00"
2024-07-10 00:00:00,24080400007648,Tesouro,24003839036,53620652000195,Fundo Mun Defesa Civil Capao Bonito do Sul,Capao Bonito do Sul,"R$ 150000,00"
2024-07-10 00:00:00,24080400007648,Tesouro,24003839055,26341864000160,Pref Mun de Carlos Barbosa,Carlos Barbosa,"R$ 150000,00"
2024-07-10 00:00:00,24080400007648,Tesouro,24003839083,53292704000141,Fundo Mun de Defesa Civil Fumdec,Estrela Velha,"R$ 150000,00"
2024-07-10 00:00:00,24080400007648,Tesouro,24003839101,55617256000134,Fundo Mun Prot Defesa Civil de Gramado,Gramado,"R$ 350000,00"
2024-07-10 00:00:00,24080400007648,Tesouro,24003839298,53034983000143,Pref Mun de Harmonia,Harmonia,"R$ 150000,00"
2024-07-10 00:00:00,24080400007648,Tesouro,24003840012,54484143000145,Fundo Mun Prot Defesa Civil de Lagoa Vermelha,Lagoa Vermelha,"R$ 150000,00"
2024-07-10 00:00:00,24080400007648,Tesouro,24003840124,53094153000101,Fundo Mun Defesa Civil de Manoel Viana,Manoel Viana,"R$ 150000,00"
2024-07-10 00:00:00,24080400007648,Tesouro,24003840453,52874100000140,Pref Mun de Nova Bassano,Nova Bassano,"R$ 150000,00"
2024-07-10 00:00:00,24080400007648,Tesouro,24003842533,14077301000128,Pref Mun de Nova Prata,Nova Prata,"R$ 150000,00"
2024-07-10 00:00:00,24080400007648,Tesouro,24003842739,53657456000195,Pref Mun de Picada Cafe,Picada Cafe,"R$ 150000,00"
2024-07-10 00:00:00,24080400007648,Tesouro,24003843076,53061063000114,Fundo Munic Defesa Civil de Sao Borja,Sao Borja,"R$ 150000,00"
2024-07-10 00:00:00,24080400007648,Tesouro,24003843117,53086991000133,Pref Mun de Sao Jorge,Sao Jorge,"R$ 150000,00"
2024-07-10 00:00:00,24080400007648,Tesouro,24003843134,53201625000188,Pref Mun de Sao Marcos,Sao Marcos,"R$ 150000,00"
2024-07-10 00:00:00,24080400007648,Tesouro,24003843145,53158543000106,Pref Mun de Sao Paulo das Missoes,Sao Paulo das Missoes,"R$ 150000,00"
2024-07-10 00:00:00,24080400007648,Tesouro,24003843269,23613481000106,Fundo Mun de Defesa Civil de Sao Pedro do Sul,Sao Pedro do Sul,"R$ 150000,00"
2024-07-10 00:00:00,24080400007648,Tesouro,24003843284,15426799000150,Fundo Mun de Defesa Civil de Tres Forquilhas,Tres Forquilhas,"R$ 150000,00"
2024-07-10 00:00:00,24080400007648,Tesouro,24003843312,53102995000168,Fundo Mun de Defesa Civil de Uruguaiana,Uruguaiana,"R$ 150000,00"
2024-07-10 00:00:00,24080400007648,Tesouro,24003843332,53192204000138,Fundo Mun Defesa Civil de Vale Verde,Vale Verde,"R$ 350000,00"
2024-07-10 00:00:00,24080400007648,Tesouro,24003843361,55494588000179,Fundo Mun Prot Defesa Civil Vila Nova do Sul,Vila Nova do Sul,"R$ 150000,00"
2024-07-08 00:00:00,24080400007494,Tesouro,24003788493,53135205000140,Pref Mun de Alecrim,Alecrim,"R$ 150000,00"
2024-07-08 00:00:00,24080400007494,Tesouro,24003788761,53192614000189,Fundo Mun Defesa Civil de Bom Jesus,Bom Jesus,"R$ 150000,00"
2024-07-08 00:00:00,24080400007494,Tesouro,24003788932,53198484000191,Fundo Mun Prot Defesa Civil Boqueirao do Leao,Boqueirao do Leao,"R$ 150000,00"
2024-07-08 00:00:00,24080400007494,Tesouro,24003788939,54775730000193,Fundo Mun de Defesa Civil Cacequi,Cacequi,"R$ 150000,00"
2024-07-08 00:00:00,24080400007494,Tesouro,24003788956,53160576000182,Fundo Mun Prot Defesa Civil de Carlos Gomes,Carlos Gomes,"R$ 150000,00"
2024-07-08 00:00:00,24080400007494,Tesouro,24003789000,54165441000172,Fundo Mun Defesa Civil de Garruchos,Garruchos,"R$ 150000,00"
2024-07-08 00:00:00,24080400007494,Tesouro,24003789020,55551665000185,Fundo Mun Prot Defesa Civil de Guabiju,Guabiju,"R$ 150000,00"
2024-07-08 00:00:00,24080400007494,Tesouro,24003789025,53144601000134,Fundo Mun Defesa Civil de Itacurubi,Itacurubi,"R$ 150000,00"
2024-07-08 00:00:00,24080400007494,Tesouro,24003789092,55193065000192,Fundo Mun de Defesa Civil de Mato Leitao,Mato Leitao,"R$ 150000,00"
2024-07-08 00:00:00,24080400007494,Tesouro,24003789111,53164225000140,Pref Mun de Vacaria,Vacaria,"R$ 150000,00"
2024-07-05 00:00:00,24080400007273,Judiciário,24003654581,18804140000188,Fundo Municipa Defesa Civil Sao Leopoldo,Sao Leopoldo,"R$ 5232558,14"
2024-07-04 00:00:00,24080400006692,Tesouro,24003486494,19175078000175,Fundo Mun Prot e Defesa Civil Coronel Barros,Coronel Barros,"R$ 150000,00"
2024-07-04 00:00:00,24080400007273,Judiciário,24003654070,53048472000180,Pref Mun de Arambare,Arambare,"R$ 784883,72"
2024-07-04 00:00:00,24080400007273,Judiciário,24003654150,53195877000141,Fundo Mun de Protecao de Defesa Civil Fumpdec,Campo Bom,"R$ 3139534,88"
2024-07-04 00:00:00,24080400007273,Judiciário,24003654289,15399273000128,Fundo Mun Defesa Civil Lajeado,Lajeado,"R$ 3924418,60"
2024-07-04 00:00:00,24080400007273,Judiciário,24003654405,53160155000151,Fundo Munic Defesa Civil Pelotas,Pelotas,"R$ 5232558,14"
2024-07-04 00:00:00,24080400007273,Judiciário,24003654490,53113336000127,Pref Mun de Sao Jeronimo,Sao Jeronimo,"R$ 1569767,44"
2024-07-01 00:00:00,24080400006765,Tesouro,24003599076,55286824000161,Fundo Mun Prot e Defesa Civil de Canoas,Canoas,"R$ 350000,00"
2024-07-01 00:00:00,24080400007150,Tesouro,24003596059,53179444000100,Fundo Mun Defesa Civil de Ajuricaba,Ajuricaba,"R$ 200000,00"
2024-07-01 00:00:00,24080400007150,Tesouro,24003596075,55596083000115,Fundo Mun Defesa Civil Augusto Pestana,Augusto Pestana,"R$ 200000,00"
2024-07-01 00:00:00,24080400007150,Tesouro,24003596084,53192614000189,Fundo Mun Defesa Civil de Bom Jesus,Bom Jesus,"R$ 200000,00"
2024-07-01 00:00:00,24080400007150,Tesouro,24003596110,55267865000100,Fundo Mun Defesa Civil de Bozano,Bozano,"R$ 200000,00"
2024-07-01 00:00:00,24080400007150,Tesouro,24003596167,53923311000199,Fundo Mun Defesa Civil de Braga,Braga,"R$ 200000,00"
2024-07-01 00:00:00,24080400007150,Tesouro,24003596181,55244681000125,Fundo Mun Defesa Civil de Dona Francisca,Dona Francisca,"R$ 200000,00"
2024-07-01 00:00:00,24080400007150,Tesouro,24003596301,53197636000131,Fundo Municipal Prot Defesa Civil de Ijui,Ijui,"R$ 200000,00"
2024-07-01 00:00:00,24080400007150,Tesouro,24003596378,53203412000195,Pref Mun de Lajeado do Bugre,Lajeado do Bugre,"R$ 200000,00"
2024-07-01 00:00:00,24080400007150,Tesouro,24003597025,53144601000134,Fundo Mun Defesa Civil de Itacurubi,Itacurubi,"R$ 200000,00"
2024-07-01 00:00:00,24080400007150,Tesouro,24003598524,53181161000195,Pref Mun de Pedras Altas,Pedras Altas,"R$ 200000,00"
2024-07-01 00:00:00,24080400007150,Tesouro,24003598568,53657456000195,Pref Mun de Picada Cafe,Picada Cafe,"R$ 200000,00"
2024-07-01 00:00:00,24080400007150,Tesouro,24003598572,53187385000104,Pref Mun de Protasio Alves,Protasio Alves,"R$ 200000,00"
2024-07-01 00:00:00,24080400007150,Tesouro,24003598609,21206056000177,Fundo Mun Defesa Civil de Sao Martinho,Sao Martinho,"R$ 200000,00"
2024-07-01 00:00:00,24080400007150,Tesouro,24003598654,55511648000114,Fundo Mun Defesa Civil de Tapes,Tapes,"R$ 200000,00"
2024-07-01 00:00:00,24080400007150,Tesouro,24003598802,55494588000179,Fundo Mun Prot Defesa Civil Vila Nova do Sul,Vila Nova do Sul,"R$ 200000,00"
2024-06-28 00:00:00,24080400006765,Judiciário,24003599150,55286824000161,Fundo Mun Prot e Defesa Civil de Canoas,Canoas,"R$ 5232558,14"
2024-06-27 00:00:00,24080400006803,Judiciário,24003576978,53113484000141,Fundo Mun Prot e Defesa Civil de Encantado,Encantado,"R$ 1569767,44"
2024-06-27 00:00:00,24080400006803,Judiciário,24003576997,55132251000111,Fundo Mun Defesa Civil de Ibarama,Ibarama,"R$ 784883,72"
2024-06-27 00:00:00,24080400006803,Judiciário,24003577015,22749174000194,Fundo Mun de Defesa Civil de Tres Coroas,Tres Coroas,"R$ 1831395,35"
2024-06-27 00:00:00,24080400006803,Judiciário,24003577041,53099117000130,Pref Mun de Venancio Aires,Venancio Aires,"R$ 3139534,88"
2024-06-26 00:00:00,24080400006749,Tesouro,24003540869,53203412000195,Pref Mun de Lajeado do Bugre,Lajeado do Bugre,"R$ 150000,00"
2024-06-25 00:00:00,24080400006692,Tesouro,24003486494,19175078000175,Fundo Mun Prot e Defesa Civil Coronel Barros,Coronel Barros,"-R$ 300000,00"
2024-06-25 00:00:00,24080400006749,Tesouro,24003539724,55234437000181,Fundo Mun Defesa Civil de Canela,Canela,"R$ 150000,00"
2024-06-25 00:00:00,24080400006749,Tesouro,24003539792,53878144000101,Fundo Mun Prot Defesa Civil Canudos do Vale,Canudos do Vale,"R$ 350000,00"
2024-06-25 00:00:00,24080400006749,Tesouro,24003539838,53572821000169,Fundo Mun Prot Defesa Civil de Caxias do Sul,Caxias do Sul,"R$ 350000,00"
2024-06-25 00:00:00,24080400006749,Tesouro,24003539928,53129401000102,Fundo Mun Defesa Civil Dois Lajeados,Dois Lajeados,"R$ 150000,00"
2024-06-25 00:00:00,24080400006749,Tesouro,24003540072,55244681000125,Fundo Mun Defesa Civil de Dona Francisca,Dona Francisca,"R$ 350000,00"
2024-06-25 00:00:00,24080400006749,Tesouro,24003540528,53197636000131,Fundo Municipal Prot Defesa Civil de Ijui,Ijui,"R$ 150000,00"
2024-06-25 00:00:00,24080400006749,Tesouro,24003540800,15375102000169,Fundo Munic Defesa Civil de Itati,Itati,"R$ 150000,00"
2024-06-25 00:00:00,24080400006749,Tesouro,24003541144,53157946000122,Pref Mun de Montenegro,Montenegro,"R$ 350000,00"
2024-06-25 00:00:00,24080400006749,Tesouro,24003541174,53158314000183,Pref Mun de Morrinhos do Sul,Morrinhos do Sul,"R$ 150000,00"
2024-06-25 00:00:00,24080400006749,Tesouro,24003541199,54324554000173,Fundo Mun Protecao e Defesa Civil Nova Palma,Nova Palma,"R$ 350000,00"
2024-06-25 00:00:00,24080400006749,Tesouro,24003541676,55513924000183,Fundo Mun Defesa Civil de Pinto Bandeira,Pinto Bandeira,"R$ 150000,00"
2024-06-25 00:00:00,24080400006749,Tesouro,24003541732,53187385000104,Pref Mun de Protasio Alves,Protasio Alves,"R$ 150000,00"
2024-06-25 00:00:00,24080400006749,Tesouro,24003541755,18450954000161,Fundo Mun de Defesa Civil Sao Luiz Gonzaga,Sao Luiz Gonzaga,"R$ 150000,00"
2024-06-25 00:00:00,24080400006749,Tesouro,24003541790,55511648000114,Fundo Mun Defesa Civil de Tapes,Tapes,"R$ 150000,00"
2024-06-25 00:00:00,24080400006749,Tesouro,24003541927,53169431000142,Fundo Mun Defesa Civil de Veranopolis,Veranopolis,"R$ 350000,00"
2024-06-24 00:00:00,24080400006692,Tesouro,24003486494,19175078000175,Fundo Mun Prot e Defesa Civil Coronel Barros,Coronel Barros,"R$ 300000,00"
2024-06-24 00:00:00,24080400006692,Tesouro,24003486787,15589183000108,Fundo Mun Defesa Civil de Maquine,Maquine,"R$ 350000,00"
2024-06-24 00:00:00,24080400006692,Tesouro,24003487026,16812367000140,Fundo Mun Defesa Civil Sao Lourenco do Sul,Sao Lourenco do Sul,"R$ 350000,00"
2024-06-21 00:00:00,24080400006498,Judiciário,24003414720,18929543000153,Fundo Mun da Defesa Civil de Santa Terez,Santa Tereza,"R$ 784883,72"
2024-06-21 00:00:00,24080400006692,Tesouro,24003486423,53179444000100,Fundo Mun Defesa Civil de Ajuricaba,Ajuricaba,"R$ 150000,00"
2024-06-21 00:00:00,24080400006692,Tesouro,24003486434,53446116000115,Pref Mun de Capitao,Capitao,"R$ 150000,00"
2024-06-21 00:00:00,24080400006692,Tesouro,24003486607,53162355000143,Pref Mun de Cristal do Sul,Cristal do Sul,"R$ 150000,00"
2024-06-21 00:00:00,24080400006692,Tesouro,24003486728,53799293000185,Fundo Mun Defesa Civil Fumdec,Cruzaltense,"R$ 150000,00"
2024-06-21 00:00:00,24080400006692,Tesouro,24003486833,53123057000144,Pref Mun de Miraguai,Miraguai,"R$ 150000,00"
2024-06-21 00:00:00,24080400006692,Tesouro,24003486855,53203184000153,Pref Mun de Nova Padua,Nova Padua,"R$ 150000,00"
2024-06-21 00:00:00,24080400006692,Tesouro,24003487041,53075940000106,Pref Mun de Sao Nicolau,Sao Nicolau,"R$ 150000,00"
2024-06-21 00:00:00,24080400006692,Tesouro,24003487046,52905546000195,Pref Mun de Viadutos,Viadutos,"R$ 150000,00"
2024-06-20 00:00:00,24080400006498,Judiciário,24003414720,18929543000153,Fundo Mun da Defesa Civil de Santa Terez,Santa Tereza,"-R$ 1569767,44"
2024-06-20 00:00:00,24080400006609,Tesouro,24003434393,53135205000140,Pref Mun de Alecrim,Alecrim,"R$ 200000,00"
2024-06-20 00:00:00,24080400006609,Tesouro,24003434449,53204778000189,Fundo Mun Prot Def Civil Fumpdec Arvorezinha,Arvorezinha,"R$ 200000,00"
2024-06-20 00:00:00,24080400006609,Tesouro,24003434474,53430679000115,Fundo Mun Defesa Civil Barros Cassal,Barros Cassal,"R$ 200000,00"
2024-06-20 00:00:00,24080400006609,Tesouro,24003434507,55234437000181,Fundo Mun Defesa Civil de Canela,Canela,"R$ 200000,00"
2024-06-20 00:00:00,24080400006609,Tesouro,24003434567,53134303000163,Fundo Mun Defesa Civil Eldorado do Sul,Eldorado do Sul,"R$ 200000,00"
2024-06-20 00:00:00,24080400006609,Tesouro,24003434621,53141079000137,Pref Mun de Esperanca do Sul,Esperanca do Sul,"R$ 200000,00"
2024-06-20 00:00:00,24080400006609,Tesouro,24003434768,55435138000105,Fundo Mun Defesa Civil de Machadinho,Machadinho,"R$ 200000,00"
2024-06-20 00:00:00,24080400006609,Tesouro,24003434870,53208531000130,Fundo Mun Prot Defesa Civil de Mato Castelhano,Mato Castelhano,"R$ 200000,00"
2024-06-20 00:00:00,24080400006609,Tesouro,24003434906,55193065000192,Fundo Mun de Defesa Civil de Mato Leitao,Mato Leitao,"R$ 200000,00"
2024-06-20 00:00:00,24080400006609,Tesouro,24003434943,53459039000138,Fundo Especial Prot Defesa Civil de Montauri,Montauri,"R$ 200000,00"
2024-06-20 00:00:00,24080400006609,Tesouro,24003434962,55399849000171,Fundo Mun Prot Defesa Civil Nova Santa Rita,Nova Santa Rita,"R$ 200000,00"
2024-06-20 00:00:00,24080400006609,Tesouro,24003435000,53119508000170,Pref Porto Xavier,Porto Xavier,"R$ 200000,00"
2024-06-20 00:00:00,24080400006609,Tesouro,24003435042,55320979000177,Fundo Mun Prot Defesa Civil Presidente Lucena,Presidente Lucena,"R$ 200000,00"
2024-06-20 00:00:00,24080400006609,Tesouro,24003435075,53652760000140,Pref Mun de Santo Angelo,Santo Angelo,"R$ 200000,00"
2024-06-20 00:00:00,24080400006609,Tesouro,24003435125,28185057000121,Fundo Mun Protecao Defesa Civil Sao Jose do Su,Sao Jose do Sul,"R$ 200000,00"
2024-06-20 00:00:00,24080400006609,Tesouro,24003435215,18450954000161,Fundo Mun de Defesa Civil Sao Luiz Gonzaga,Sao Luiz Gonzaga,"R$ 200000,00"
2024-06-20 00:00:00,24080400006609,Tesouro,24003435290,19073655000118,Fundo Municipal de Protecao Civil (fmpc),Sapiranga,"R$ 200000,00"
2024-06-20 00:00:00,24080400006609,Tesouro,24003435353,53162361000109,Pref Mun de Ubiretama,Ubiretama,"R$ 200000,00"
2024-06-20 00:00:00,24080400006609,Tesouro,24003435509,55321461000158,Fundo Mun Defesa Civil de Vale do Sol,Vale do Sol,"R$ 200000,00"
2024-06-20 00:00:00,24080400006617,Tesouro,24003435643,55420580000168,Fundo Mun Defesa Civil de Chuvisca,Chuvisca,"R$ 200000,00"
2024-06-20 00:00:00,24080400006617,Tesouro,24003435682,53158314000183,Pref Mun de Morrinhos do Sul,Morrinhos do Sul,"R$ 200000,00"
2024-06-20 00:00:00,24080400006617,Tesouro,24003435712,53054377000190,Pref Mun de Morro Redondo,Morro Redondo,"R$ 200000,00"
2024-06-20 00:00:00,24080400006617,Tesouro,24003435772,14077301000128,Pref Mun de Nova Prata,Nova Prata,"R$ 200000,00"
2024-06-20 00:00:00,24080400006617,Tesouro,24003435801,53093531000132,Pref Mun de Porto Maua,Porto Maua,"R$ 200000,00"
2024-06-20 00:00:00,24080400006633,Judiciário,24003432851,28819730000138,Fundo Munic Defesa Civil Bento Gonçalves,Bento Goncalves,"R$ 4447674,42"
2024-06-20 00:00:00,24080400006633,Judiciário,24003432915,53878144000101,Fundo Mun Prot Defesa Civil Canudos do Vale,Canudos do Vale,"R$ 784883,72"
2024-06-20 00:00:00,24080400006633,Judiciário,24003432943,23527728000171,Fundo Mun Defesa Civil Passo do Sobrado,Passo do Sobrado,"R$ 784883,72"
2024-06-20 00:00:00,24080400006633,Judiciário,24003433001,55114281000103,Fundo Mun Defesa Civl de Relvado,Relvado,"R$ 784883,72"
2024-06-20 00:00:00,24080400006633,Judiciário,24003433092,53169431000142,Fundo Mun Defesa Civil de Veranopolis,Veranopolis,"R$ 1831395,35"
2024-06-20 00:00:00,24080400006684,Tesouro,24003461034,55286824000161,Fundo Mun Prot e Defesa Civil de Canoas,Canoas,"R$ 200000,00"
2024-06-19 00:00:00,24080400006374,Judiciário,24003416888,53165223000175,Fundo Mun Defesa Civil Agudo,Agudo,"R$ 1308139,53"
2024-06-19 00:00:00,24080400006374,Judiciário,24003417034,52917070000102,Fundo Mun Defesa Civil Barra do Rio Azul,Barra do Rio Azul,"R$ 784883,72"
2024-06-19 00:00:00,24080400006374,Judiciário,24003417068,53182772000158,Fundo Mun Prot Defesa Civil Coqueiro Baixo,Coqueiro Baixo,"R$ 784883,72"
2024-06-19 00:00:00,24080400006374,Judiciário,24003417147,55244681000125,Fundo Mun Defesa Civil de Dona Francisca,Dona Francisca,"R$ 784883,72"
2024-06-19 00:00:00,24080400006374,Judiciário,24003417175,53181006000179,Pref Mun de Pareci Novo,Pareci Novo,"R$ 784883,72"
2024-06-19 00:00:00,24080400006374,Judiciário,24003417208,14332561000100,Fundo Mun de Defesa Civil de Parobe,Parobe,"R$ 2877906,98"
2024-06-19 00:00:00,24080400006374,Judiciário,24003417243,53076012000166,Pref Mun de Ponte Preta,Ponte Preta,"R$ 784883,72"
2024-06-19 00:00:00,24080400006374,Judiciário,24003417269,55384824000102,Fundo Mun Defesa Civil Sao Joao do Polesine,Sao Joao do Polesine,"R$ 784883,72"
2024-06-19 00:00:00,24080400006374,Judiciário,24003417298,14129149000180,Pref Mun de Taquara,Taquara,"R$ 2877906,98"
2024-06-19 00:00:00,24080400006374,Judiciário,24003417322,53140382000115,Fundo Mun de Defesa Civil Vespasiano Correa,Vespasiano Correa,"R$ 784883,72"
2024-06-19 00:00:00,24080400006498,Judiciário,24003402865,53180445000167,Pref Mun de Cachoeira do Sul,Cachoeira do Sul,"R$ 3401162,79"
2024-06-19 00:00:00,24080400006498,Judiciário,24003402994,16790700000167,Fundo Mun de Defesa Civil de Estrela,Estrela,"R$ 2093023,26"
2024-06-19 00:00:00,24080400006498,Judiciário,24003407321,53157946000122,Pref Mun de Montenegro,Montenegro,"R$ 3139534,88"
2024-06-19 00:00:00,24080400006498,Judiciário,24003407470,53181422000177,Fundo Mun Defesa Civil de Passa Sete,Passa Sete,"R$ 784883,72"
2024-06-19 00:00:00,24080400006498,Judiciário,24003412083,54173568000133,Fundo Mun Prot Defesa Civil Restinga Seca,Restinga Seca,"R$ 1308139,53"
2024-06-19 00:00:00,24080400006498,Judiciário,24003412251,53178538000157,Fundo Mun Prot Defesa Civil Roca Sales,Roca Sales,"R$ 1046511,63"
2024-06-19 00:00:00,24080400006498,Judiciário,24003412504,17963982000110,Fundo Mun Prot Defesa Civil de Rolante,Rolante,"R$ 1569767,44"
2024-06-19 00:00:00,24080400006498,Judiciário,24003414556,54060951000185,Fundo Mun Defesa Civil de Santa Maria Fumdec,Santa Maria,"R$ 5232558,14"
2024-06-19 00:00:00,24080400006498,Judiciário,24003414720,18929543000153,Fundo Mun da Defesa Civil de Santa Terez,Santa Tereza,"R$ 1569767,44"
2024-06-19 00:00:00,24080400006498,Judiciário,24003414824,55080859000140,Fundo Mun Defesa Civil Sao Jose do Herval,Sao Jose do Herval,"R$ 784883,72"
2024-06-19 00:00:00,24080400006498,Judiciário,24003415102,53459561000110,Fundo Mun Defesa Civil Sao Martinho da Serra,Sao Martinho da Serra,"R$ 784883,72"
2024-06-19 00:00:00,24080400006498,Judiciário,24003415318,53093386000190,Pref Mun de Severiano de Almeida,Severiano de Almeida,"R$ 784883,72"
2024-06-19 00:00:00,24080400006498,Judiciário,24003415501,16418210000134,Pref Mun de Taquari,Taquari,"R$ 1831395,35"
2024-06-19 00:00:00,24080400006498,Judiciário,24003415574,53966671000178,Fundo Mun Defesa Civil de Travesseiro,Travesseiro,"R$ 784883,72"
2024-06-19 00:00:00,24080400006510,Judiciário,24003386047,18687035000106,Pref Mun de Candelaria,Candelaria,"R$ 1831395,35"
2024-06-19 00:00:00,24080400006510,Judiciário,24003386397,53572821000169,Fundo Mun Prot Defesa Civil de Caxias do Sul,Caxias do Sul,"R$ 5232558,14"
2024-06-19 00:00:00,24080400006510,Judiciário,24003387819,23570124000108,Fundo Mun de Defesa Civil de Cerro Branco,Cerro Branco,"R$ 784883,72"
2024-06-19 00:00:00,24080400006510,Judiciário,24003388199,18392493000118,Fundo Mun de Defesa Civil Esteio,Esteio,"R$ 3401162,79"
2024-06-19 00:00:00,24080400006510,Judiciário,24003388516,19371397000156,Fundo Mun Defesa Civil de Guapore,Guapore,"R$ 1831395,35"
2024-06-19 00:00:00,24080400006510,Judiciário,24003389011,14901264000120,Fundo Mun Defesa Civil de Igrejinha,Igrejinha,"R$ 2093023,26"
2024-06-19 00:00:00,24080400006510,Judiciário,24003389303,15589183000108,Fundo Mun Defesa Civil de Maquine,Maquine,"R$ 784883,72"
2024-06-19 00:00:00,24080400006510,Judiciário,24003389543,54324554000173,Fundo Mun Protecao e Defesa Civil Nova Palma,Nova Palma,"R$ 784883,72"
2024-06-19 00:00:00,24080400006510,Judiciário,24003389838,53853418000108,Fundo Municipal Defesa Civil de Paraiso do Sul,Paraiso do Sul,"R$ 784883,72"
2024-06-19 00:00:00,24080400006510,Judiciário,24003390051,55149457000154,Fundo Mun Defesa Civil Pinhal Grande,Pinhal Grande,"R$ 784883,72"
2024-06-19 00:00:00,24080400006510,Judiciário,24003390230,26971029000104,Fundo Municipal Para Defesa Civil - Fumdec,Rio Grande,"R$ 5232558,14"
2024-06-19 00:00:00,24080400006510,Judiciário,24003390453,53127723000112,Pref Mun de Rio Pardo,Rio Pardo,"R$ 2093023,26"
2024-06-19 00:00:00,24080400006510,Judiciário,24003390775,16812367000140,Fundo Mun Defesa Civil Sao Lourenco do Sul,Sao Lourenco do Sul,"R$ 2354651,16"
2024-06-19 00:00:00,24080400006510,Judiciário,24003390957,52996083000114,Pref Mun de Sao Sebastiao do Cai,Sao Sebastiao do Cai,"R$ 1831395,35"
2024-06-19 00:00:00,24080400006510,Judiciário,24003391165,53132337000119,Pref Mun de Sao Vendelino,Sao Vendelino,"R$ 784883,72"
2024-06-19 00:00:00,24080400006510,Judiciário,24003391362,53209348000150,Fundo Mun Defesa Civil Sapucaia do Sul,Sapucaia do Sul,"R$ 4709302,33"
2024-06-19 00:00:00,24080400006510,Judiciário,24003391578,28132522000166,Fundo Mun Defesa Civil de Sinimbu,Sinimbu,"R$ 784883,72"
2024-06-18 00:00:00,24080400006315,Judiciário,24003309630,19235388000138,Fundo Mun Prot Def Civil Arroio do Meio,Arroio do Meio,"R$ 1569767,44"
2024-06-18 00:00:00,24080400006315,Judiciário,24003310546,53163925000110,Fundo Mun Defesa Civil de Arroio do Tigre,Arroio do Tigre,"R$ 1046511,63"
2024-06-18 00:00:00,24080400006315,Judiciário,24003310612,18765582000162,Fundo Mun Defesa Civil Bom Principio,Bom Principio,"R$ 1046511,63"
2024-06-18 00:00:00,24080400006315,Judiciário,24003310691,53133549000110,Fundo Mun Defesa Civil de Colinas,Colinas,"R$ 784883,72"
2024-06-18 00:00:00,24080400006315,Judiciário,24003310801,53179414000196,Pref Mun de Cotipora,Cotipora,"R$ 784883,72"
2024-06-18 00:00:00,24080400006315,Judiciário,24003311610,53106929000166,Fundo Mun Defesa Civil Cruzeiro do Sul,Cruzeiro do Sul,"R$ 1046511,63"
2024-06-18 00:00:00,24080400006315,Judiciário,24003311666,31373873000173,Fundo Mun Prot Defesa Civil Doutor Ricardo,Doutor Ricardo,"R$ 784883,72"
2024-06-18 00:00:00,24080400006315,Judiciário,24003311753,52938072000188,Fundo Mun Prot Defesa Civil Faxinal do Soturno,Faxinal do Soturno,"R$ 784883,72"
2024-06-18 00:00:00,24080400006315,Judiciário,24003311790,53127203000100,Fundo Mun Prot Defesa Civil de Feliz,Feliz,"R$ 1308139,53"
2024-06-18 00:00:00,24080400006315,Judiciário,24003312015,23511156000132,Imigrante Fundo Mun de Defesa Civil,Imigrante,"R$ 784883,72"
2024-06-18 00:00:00,24080400006315,Judiciário,24003313967,53163849000142,Pref Mun de Marques de Souza,Marques de Souza,"R$ 784883,72"
2024-06-18 00:00:00,24080400006315,Judiciário,24003314715,55152962000158,Fundo Mun Defesa Civil de Novo Hamburgo,Novo Hamburgo,"R$ 5232558,14"
2024-06-18 00:00:00,24080400006315,Judiciário,24003315502,23258357000170,Pref Mun de Sao Valentim do Sul,Sao Valentim do Sul,"R$ 784883,72"
2024-06-18 00:00:00,24080400006315,Judiciário,24003317647,54228724000116,Fundo Mun de Defesa Civil Putinga,Putinga,"R$ 784883,72"
2024-06-18 00:00:00,24080400006315,Judiciário,24003320377,53165091000181,Pref Mun de Segredo,Segredo,"R$ 784883,72"
2024-06-18 00:00:00,24080400006315,Judiciário,24003320403,55118337000190,Fundo Mun Defesa Civilfundec Silveira Martins,Silveira Martins,"R$ 784883,72"
2024-06-18 00:00:00,24080400006315,Judiciário,24003322282,53209898000179,Fundo Mun de Defesa Civil de Sobradinho Fumdec,Sobradinho,"R$ 1308139,53"
2024-06-18 00:00:00,24080400006315,Judiciário,24003322314,55043182000170,Fundo Mun de Defesa Civil Fumdec,Triunfo,"R$ 1831395,35"
2024-06-18 00:00:00,24080400006315,Judiciário,24003322355,55097292000114,Fundo Mun Protecao e Defesa Civil de Vera Cruz,Vera Cruz,"R$ 1831395,35"
2024-06-17 00:00:00,24080400006269,Tesouro,24003285916,23570124000108,Fundo Mun de Defesa Civil de Cerro Branco,Cerro Branco,"R$ 350000,00"
2024-06-17 00:00:00,24080400006269,Tesouro,24003285987,53179688000185,Pref Mun de Faxinalzinho,Faxinalzinho,"R$ 150000,00"
2024-06-17 00:00:00,24080400006269,Tesouro,24003286014,53208531000130,Fundo Mun Prot Defesa Civil de Mato Castelhano,Mato Castelhano,"R$ 150000,00"
2024-06-17 00:00:00,24080400006269,Tesouro,24003286108,14983970000169,Fundo Mun Defesa Civil Novo Cabrais,Novo Cabrais,"R$ 150000,00"
2024-06-17 00:00:00,24080400006269,Tesouro,24003286170,55157932000134,Fundo Mun Defesa Civil Quevedos,Quevedos,"R$ 150000,00"
2024-06-17 00:00:00,24080400006269,Tesouro,24003286252,54173568000133,Fundo Mun Prot Defesa Civil Restinga Seca,Restinga Seca,"R$ 350000,00"
2024-06-17 00:00:00,24080400006269,Tesouro,24003286287,53175986000105,Fundo Mun da Defesa Civil de Sao Jose do Norte,Sao Jose do Norte,"R$ 350000,00"
2024-06-17 00:00:00,24080400006269,Tesouro,24003286334,53209348000150,Fundo Mun Defesa Civil Sapucaia do Sul,Sapucaia do Sul,"R$ 350000,00"
2024-06-17 00:00:00,24080400006269,Tesouro,24003286388,53966671000178,Fundo Mun Defesa Civil de Travesseiro,Travesseiro,"R$ 350000,00"
2024-06-17 00:00:00,24080400006269,Tesouro,24003286397,53140382000115,Fundo Mun de Defesa Civil Vespasiano Correa,Vespasiano Correa,"R$ 350000,00"
2024-06-14 00:00:00,24080400006277,Tesouro,24003284932,53204778000189,Fundo Mun Prot Def Civil Fumpdec Arvorezinha,Arvorezinha,"R$ 150000,00"
2024-06-14 00:00:00,24080400006277,Tesouro,24003285019,53195877000141,Fundo Mun de Protecao de Defesa Civil Fumpdec,Campo Bom,"R$ 350000,00"
2024-06-13 00:00:00,24080400006196,Tesouro,24003260603,55132251000111,Fundo Mun Defesa Civil de Ibarama,Ibarama,"R$ 350000,00"
2024-06-13 00:00:00,24080400006196,Tesouro,24003260621,52998256000133,Pref Mun de Itatiba do Sul,Itatiba do Sul,"R$ 150000,00"
2024-06-13 00:00:00,24080400006196,Tesouro,24003260862,55085306000180,Fundo Mun Defesa Civil de Lagoa Bonita do Sul,Lagoa Bonita do Sul,"R$ 150000,00"
2024-06-13 00:00:00,24080400006196,Tesouro,24003260958,53076012000166,Pref Mun de Ponte Preta,Ponte Preta,"R$ 350000,00"
2024-06-13 00:00:00,24080400006196,Tesouro,24003261615,55114281000103,Fundo Mun Defesa Civl de Relvado,Relvado,"R$ 350000,00"
2024-06-13 00:00:00,24080400006196,Tesouro,24003261671,53147380000158,Pref Mun de Santana da Boa Vista,Santana da Boa Vista,"R$ 150000,00"
2024-06-13 00:00:00,24080400006196,Tesouro,24003262557,55149498000140,Fundo Mun Defesa Civil Sao Francisco de Paula,Sao Francisco de Paula,"R$ 150000,00"
2024-06-13 00:00:00,24080400006196,Tesouro,24003262715,28185057000121,Fundo Mun Protecao Defesa Civil Sao Jose do Su,Sao Jose do Sul,"R$ 150000,00"
2024-06-13 00:00:00,24080400006196,Tesouro,24003262748,53180176000139,Pref Mun de Tiradentes do Sul,Tiradentes do Sul,"R$ 150000,00"
2024-06-13 00:00:00,24080400006196,Tesouro,24003262850,20717448000138,Pref Mun de Vale Real,Vale Real,"R$ 150000,00"
2024-06-13 00:00:00,24080400006242,Tesouro,24003263266,53048472000180,Pref Mun de Arambare,Arambare,"R$ 200000,00"
2024-06-13 00:00:00,24080400006242,Tesouro,24003265427,53179688000185,Pref Mun de Faxinalzinho,Faxinalzinho,"R$ 200000,00"
2024-06-13 00:00:00,24080400006242,Tesouro,24003265482,20510741000120,Pref Mun de Getulio Vargas,Getulio Vargas,"R$ 200000,00"
2024-06-13 00:00:00,24080400006242,Tesouro,24003265580,53039546000112,Pref Mun de Novo Machado,Novo Machado,"R$ 200000,00"
2024-06-13 00:00:00,24080400006242,Tesouro,24003265596,55312117000100,Fundo Mun Defesa Civil de Paverama,Paverama,"R$ 200000,00"
2024-06-13 00:00:00,24080400006242,Tesouro,24003265628,55384824000102,Fundo Mun Defesa Civil Sao Joao do Polesine,Sao Joao do Polesine,"R$ 200000,00"
2024-06-13 00:00:00,24080400006242,Tesouro,24003265653,20717448000138,Pref Mun de Vale Real,Vale Real,"R$ 200000,00"
2024-06-13 00:00:00,24080400006242,Tesouro,24003270613,53164225000140,Pref Mun de Vacaria,Vacaria,"R$ 200000,00"
2024-06-13 00:00:00,24080400006277,Tesouro,24003284967,28819730000138,Fundo Munic Defesa Civil Bento Gonçalves,Bento Goncalves,"R$ 350000,00"
2024-06-13 00:00:00,24080400006277,Tesouro,24003284995,53099135000112,Fundo Mun Defesa Civil de Camargo,Camargo,"R$ 150000,00"
2024-06-13 00:00:00,24080400006277,Tesouro,24003285068,19371397000156,Fundo Mun Defesa Civil de Guapore,Guapore,"R$ 350000,00"
2024-06-13 00:00:00,24080400006277,Tesouro,24003285110,55149457000154,Fundo Mun Defesa Civil Pinhal Grande,Pinhal Grande,"R$ 350000,00"
2024-06-13 00:00:00,24080400006277,Tesouro,24003285136,53203245000182,Pref Mun de Pontao,Pontao,"R$ 150000,00"
2024-06-13 00:00:00,24080400006277,Tesouro,24003285155,53127723000112,Pref Mun de Rio Pardo,Rio Pardo,"R$ 350000,00"
2024-06-13 00:00:00,24080400006277,Tesouro,24003285225,53652760000140,Pref Mun de Santo Angelo,Santo Angelo,"R$ 150000,00"
2024-06-13 00:00:00,24080400006277,Tesouro,24003285251,55384824000102,Fundo Mun Defesa Civil Sao Joao do Polesine,Sao Joao do Polesine,"R$ 350000,00"
2024-06-13 00:00:00,24080400006277,Tesouro,24003285327,19116538000194,Pref Mun de Sao Jose das Missoes,Sao Jose das Missoes,"R$ 150000,00"
2024-06-13 00:00:00,24080400006277,Tesouro,24003285350,53072595000157,Fundo Mun Defesa Civil de Sao Valentim,Sao Valentim,"R$ 150000,00"
2024-06-13 00:00:00,24080400006277,Tesouro,24003285374,53165091000181,Pref Mun de Segredo,Segredo,"R$ 350000,00"
2024-06-13 00:00:00,24080400006277,Tesouro,24003285408,55118337000190,Fundo Mun Defesa Civilfundec Silveira Martins,Silveira Martins,"R$ 350000,00"
2024-06-13 00:00:00,24080400006277,Tesouro,24003285498,53146533000142,Fundo Munic da Defesa Civil Soledade,Soledade,"R$ 150000,00"
2024-06-13 00:00:00,24080400006277,Tesouro,24003285551,55267865000100,Fundo Mun Defesa Civil de Bozano,Bozano,"R$ 150000,00"
2024-06-13 00:00:00,24080400006277,Tesouro,24003285734,15041549000100,Coord Mun Defesa Civil de Catuipe,Catuipe,"R$ 150000,00"
2024-06-12 00:00:00,24080400005998,Tesouro,24003229983,53170730000105,Pref Mun de Alto Feliz,Alto Feliz,"R$ 150000,00"
2024-06-12 00:00:00,24080400005998,Tesouro,24003230001,53053478000146,Pref Mun de Campos Borges,Campos Borges,"R$ 150000,00"
2024-06-12 00:00:00,24080400005998,Tesouro,24003230020,53321989000100,Pref Mun de Coronel Pilar,Coronel Pilar,"R$ 150000,00"
2024-06-12 00:00:00,24080400005998,Tesouro,24003230042,53133824000104,Fundo Mun Defesa Civil de Jaguari,Jaguari,"R$ 350000,00"
2024-06-12 00:00:00,24080400005998,Tesouro,24003230065,52992602000176,Pref Mun de Nova Alvorada,Nova Alvorada,"R$ 150000,00"
2024-06-12 00:00:00,24080400005998,Tesouro,24003230099,53204598000105,Pref Mun de Pantano Grande,Pantano Grande,"R$ 150000,00"
2024-06-12 00:00:00,24080400005998,Tesouro,24003230264,53119508000170,Pref Porto Xavier,Porto Xavier,"R$ 150000,00"
2024-06-12 00:00:00,24080400005998,Tesouro,24003230296,53738783000171,Pref Mun de Quinze de Novembro,Quinze de Novembro,"R$ 150000,00"
2024-06-12 00:00:00,24080400005998,Tesouro,24003230351,53132337000119,Pref Mun de Sao Vendelino,Sao Vendelino,"R$ 350000,00"
2024-06-12 00:00:00,24080400005998,Tesouro,24003230390,53015949000121,Pref Mun de Tupandi,Tupandi,"R$ 150000,00"
2024-06-12 00:00:00,24080400006129,Tesouro,24003227654,53088592000101,Pref Mun de Cacique Doble,Cacique Doble,"R$ 150000,00"
2024-06-12 00:00:00,24080400006129,Tesouro,24003227725,53201319000141,Pref Mun de Chiapetta,Chiapetta,"R$ 150000,00"
2024-06-12 00:00:00,24080400006129,Tesouro,24003227815,53134804000140,Fundo Mun Defesa Civil de Ciriaco,Ciriaco,"R$ 150000,00"
2024-06-12 00:00:00,24080400006129,Tesouro,24003227837,53113484000141,Fundo Mun Prot e Defesa Civil de Encantado,Encantado,"R$ 350000,00"
2024-06-12 00:00:00,24080400006129,Tesouro,24003227861,53099266000108,Pref Mun de Entre Rios do Sul,Entre Rios do Sul,"R$ 150000,00"
2024-06-12 00:00:00,24080400006129,Tesouro,24003229010,53053678000107,Pref Mun de Erval Grande,Erval Grande,"R$ 150000,00"
2024-06-12 00:00:00,24080400006129,Tesouro,24003229051,53162231000168,Pref Mun de Garibaldi,Garibaldi,"R$ 150000,00"
2024-06-12 00:00:00,24080400006129,Tesouro,24003229133,22534724000158,Municipio de Gramado dos Loureirios,Gramado dos Loureiros,"R$ 150000,00"
2024-06-12 00:00:00,24080400006129,Tesouro,24003229189,55193837000196,Fundo Mun Defesa Civil de Ibiruba,Ibiruba,"R$ 150000,00"
2024-06-12 00:00:00,24080400006129,Tesouro,24003229226,18621208000193,Fundo Mun de Defesa Civil de Jacutinga,Jacutinga,"R$ 150000,00"
2024-06-12 00:00:00,24080400006129,Tesouro,24003229262,28109535000114,Prefitura Mun de Monte Belo do Sul,Monte Belo do Sul,"R$ 150000,00"
2024-06-12 00:00:00,24080400006129,Tesouro,24003229301,53028398000130,Fundo Mun Defesa Civil Novo Tiradentes,Novo Tiradentes,"R$ 150000,00"
2024-06-12 00:00:00,24080400006129,Tesouro,24003229335,53181006000179,Pref Mun de Pareci Novo,Pareci Novo,"R$ 350000,00"
2024-06-12 00:00:00,24080400006129,Tesouro,24003229358,55081751000171,Fundo Mun Defesa Civil Santa Clara do Sul,Santa Clara do Sul,"R$ 150000,00"
2024-06-12 00:00:00,24080400006129,Tesouro,24003229469,53963551000117,Fundo Mun de Defesa Civil Fumdec,Santa Vitoria do Palmar,"R$ 150000,00"
2024-06-12 00:00:00,24080400006129,Tesouro,24003229523,22965753000174,Pref Mun de Sao Domingos do Sul,Sao Domingos do Sul,"R$ 150000,00"
2024-06-12 00:00:00,24080400006129,Tesouro,24003229546,53459561000110,Fundo Mun Defesa Civil Sao Martinho da Serra,Sao Martinho da Serra,"R$ 350000,00"
2024-06-12 00:00:00,24080400006129,Tesouro,24003229575,28132522000166,Fundo Mun Defesa Civil de Sinimbu,Sinimbu,"R$ 350000,00"
2024-06-12 00:00:00,24080400006129,Tesouro,24003229780,53209898000179,Fundo Mun de Defesa Civil de Sobradinho Fumdec,Sobradinho,"R$ 350000,00"
2024-06-12 00:00:00,24080400006129,Tesouro,24003229891,53099117000130,Pref Mun de Venancio Aires,Venancio Aires,"R$ 350000,00"
2024-06-11 00:00:00,24080400005912,Tesouro,24003217868,55133741000132,Fundo Mun Defesa Civil Nova Brescia,Nova Brescia,"R$ 200000,00"
2024-06-11 00:00:00,24080400005947,Tesouro,24003212082,53722473000169,Fundo Municipal de Defesa Civil de Riozinho,Riozinho,"R$ 150000,00"
2024-06-11 00:00:00,24080400005947,Tesouro,24003212289,18929543000153,Fundo Mun da Defesa Civil de Santa Terez,Santa Tereza,"R$ 350000,00"
2024-06-11 00:00:00,9999991400246,Tesouro,24002822209,20611585000193,Coord Mun Defesa Civil de Rodeio Bonito,Rodeio Bonito,"R$ 200000,00"
2024-06-10 00:00:00,24080400005840,Tesouro,24003184738,53048472000180,Pref Mun de Arambare,Arambare,"R$ 350000,00"
2024-06-10 00:00:00,24080400005840,Tesouro,24003184766,18765582000162,Fundo Mun Defesa Civil Bom Principio,Bom Principio,"R$ 350000,00"
2024-06-10 00:00:00,24080400005840,Tesouro,24003184793,53133549000110,Fundo Mun Defesa Civil de Colinas,Colinas,"R$ 350000,00"
2024-06-10 00:00:00,24080400005840,Tesouro,24003184848,53177605000119,Fundo Mun de Defesa Civil de David Canabarro,David Canabarro,"R$ 150000,00"
2024-06-10 00:00:00,24080400005840,Tesouro,24003184882,23511156000132,Imigrante Fundo Mun de Defesa Civil,Imigrante,"R$ 350000,00"
2024-06-10 00:00:00,24080400005840,Tesouro,24003184914,53640950000147,Pref Mun de Inhacora,Inhacora,"R$ 150000,00"
2024-06-10 00:00:00,24080400005840,Tesouro,24003184921,53172715000198,Pref Mun de Jaguarao,Jaguarao,"R$ 150000,00"
2024-06-10 00:00:00,24080400005840,Tesouro,24003184927,54228724000116,Fundo Mun de Defesa Civil Putinga,Putinga,"R$ 350000,00"
2024-06-10 00:00:00,24080400005840,Tesouro,24003184998,19281037000163,Pref Mun de Santo Antonio do Palma,Santo Antonio do Palma,"R$ 150000,00"
2024-06-10 00:00:00,24080400005840,Tesouro,24003185051,23258357000170,Pref Mun de Sao Valentim do Sul,Sao Valentim do Sul,"R$ 350000,00"
2024-06-10 00:00:00,24080400005912,Tesouro,24003185591,52996083000114,Pref Mun de Sao Sebastiao do Cai,Sao Sebastiao do Cai,"R$ 200000,00"
2024-06-10 00:00:00,24080400005912,Tesouro,24003210615,55264257000142,Fundo Mun de Protecao e Defesa Civil Colorado,Colorado,"R$ 200000,00"
2024-06-10 00:00:00,24080400005912,Tesouro,24003210953,55209300000177,Fundo Mun Defesa Civil de Westfalia,Westfalia,"R$ 200000,00"
2024-06-10 00:00:00,24080400005947,Tesouro,24003211746,23842640000144,Pref Mun de Anta Gorda,Anta Gorda,"R$ 150000,00"
2024-06-10 00:00:00,24080400005947,Tesouro,24003211886,53163925000110,Fundo Mun Defesa Civil de Arroio do Tigre,Arroio do Tigre,"R$ 350000,00"
2024-06-10 00:00:00,24080400005947,Tesouro,24003211948,53187685000193,Pref Mun de Herval,Herval,"R$ 150000,00"
2024-06-10 00:00:00,24080400005947,Tesouro,24003211969,14901264000120,Fundo Mun Defesa Civil de Igrejinha,Igrejinha,"R$ 350000,00"
2024-06-10 00:00:00,24080400005947,Tesouro,24003212256,53201537000186,Pref Mun de Rondinha,Rondinha,"R$ 150000,00"
2024-06-10 00:00:00,24080400005947,Tesouro,24003212337,53590463000117,Fundo Mun de Prot e Defesa Civil Tres Passos,Tres Passos,"R$ 150000,00"
2024-06-10 00:00:00,24080400005947,Tesouro,24003212962,55138912000116,Fundo Mun Defesa Civil Vista Alegre do Prata,Vista Alegre do Prata,"R$ 150000,00"
2024-06-10 00:00:00,24080400005947,Tesouro,24003213013,55209300000177,Fundo Mun Defesa Civil de Westfalia,Westfalia,"R$ 150000,00"
2024-06-10 00:00:00,9999991400246,Tesouro,24002812530,53179256000174,Fundo Mun de Defesa Civil Fumdec,Paulo Bento,"R$ 200000,00"
2024-06-07 00:00:00,24080400005777,Tesouro,24003138528,53187272000109,Pref Mun de Encruzilhada do Sul,Encruzilhada do Sul,"R$ 150000,00"
2024-06-07 00:00:00,24080400005777,Tesouro,24003138573,18392493000118,Fundo Mun de Defesa Civil Esteio,Esteio,"R$ 350000,00"
2024-06-07 00:00:00,24080400005777,Tesouro,24003138605,53620208000170,Fundo Mun Protecao Defesa Civil Morro Reuter,Morro Reuter,"R$ 150000,00"
2024-06-07 00:00:00,24080400005777,Tesouro,24003138923,19399497000190,Prfeitura Mun de Novo Barreiro,Novo Barreiro,"R$ 150000,00"
2024-06-07 00:00:00,24080400005777,Tesouro,24003139213,53099656000170,Pref Mun Novo Xingu,Novo Xingu,"R$ 150000,00"
2024-06-07 00:00:00,24080400005777,Tesouro,24003139230,23527728000171,Fundo Mun Defesa Civil Passo do Sobrado,Passo do Sobrado,"R$ 350000,00"
2024-06-07 00:00:00,24080400005777,Tesouro,24003139256,53127336000186,Pref Mun de Pinheiro Machado,Pinheiro Machado,"R$ 150000,00"
2024-06-07 00:00:00,24080400005777,Tesouro,24003139336,26971029000104,Fundo Municipal Para Defesa Civil - Fumdec,Rio Grande,"R$ 350000,00"
2024-06-07 00:00:00,24080400005777,Tesouro,24003139383,14129149000180,Pref Mun de Taquara,Taquara,"R$ 350000,00"
2024-06-07 00:00:00,24080400005777,Tesouro,24003139407,53179950000191,Pref Mun de Tunas,Tunas,"R$ 150000,00"
2024-06-05 00:00:00,24080400005173,Tesouro,24003030197,19116971000120,Fundo Mun Defesa Civil de Lindolfo Collor,Lindolfo Collor,"R$ 200000,00"
2024-06-05 00:00:00,24080400005335,Tesouro,24003048355,55165961000148,Fundo Mun Prot e Defesa Civil de Brochier,Brochier,"R$ 200000,00"
2024-06-05 00:00:00,24080400005335,Tesouro,24003048377,55061271000149,Fundo Mun Defesa Civil Salvador das Missoes,Salvador das Missoes,"R$ 200000,00"
2024-06-05 00:00:00,24080400005335,Tesouro,24003048402,55197797000150,Fundo Mun Prot Defesa Civil Sao Vicente do Sul,Sao Vicente do Sul,"R$ 200000,00"
2024-06-05 00:00:00,24080400005386,Tesouro,24003046974,19235388000138,Fundo Mun Prot Def Civil Arroio do Meio,Arroio do Meio,"R$ 350000,00"
2024-06-05 00:00:00,24080400005386,Tesouro,24003047008,18687035000106,Pref Mun de Candelaria,Candelaria,"R$ 350000,00"
2024-06-05 00:00:00,24080400005386,Tesouro,24003047046,53179414000196,Pref Mun de Cotipora,Cotipora,"R$ 350000,00"
2024-06-05 00:00:00,24080400005386,Tesouro,24003047079,16790700000167,Fundo Mun de Defesa Civil de Estrela,Estrela,"R$ 350000,00"
2024-06-05 00:00:00,24080400005386,Tesouro,24003047091,53127203000100,Fundo Mun Prot Defesa Civil de Feliz,Feliz,"R$ 350000,00"
2024-06-05 00:00:00,24080400005386,Tesouro,24003047118,53291871000178,Fundo Mun Defesa Civil de General Camara,General Camara,"R$ 350000,00"
2024-06-05 00:00:00,24080400005386,Tesouro,24003047128,53160155000151,Fundo Munic Defesa Civil Pelotas,Pelotas,"R$ 350000,00"
2024-06-05 00:00:00,24080400005386,Tesouro,24003047149,17963982000110,Fundo Mun Prot Defesa Civil de Rolante,Rolante,"R$ 350000,00"
2024-06-05 00:00:00,24080400005386,Tesouro,24003047170,22749174000194,Fundo Mun de Defesa Civil de Tres Coroas,Tres Coroas,"R$ 350000,00"
2024-06-05 00:00:00,24080400005386,Tesouro,24003047195,55097292000114,Fundo Mun Protecao e Defesa Civil de Vera Cruz,Vera Cruz,"R$ 350000,00"
2024-06-05 00:00:00,24080400005424,Tesouro,24003047558,53253814000102,Pref Mun de Barao,Barao,"R$ 150000,00"
2024-06-05 00:00:00,24080400005424,Tesouro,24003047587,55124776000105,Fundo Mun Defesa Civil Capela de Santana,Capela de Santana,"R$ 150000,00"
2024-06-05 00:00:00,24080400005424,Tesouro,24003047645,53099510000124,Fundo Mun Defesa Civil de Erechim,Erechim,"R$ 150000,00"
2024-06-05 00:00:00,24080400005424,Tesouro,24003047677,55118457000197,Fundo Mun Defesa Civil de Fagundes Varela,Fagundes Varela,"R$ 150000,00"
2024-06-05 00:00:00,24080400005424,Tesouro,24003047754,21548749000148,Fundo Mun Prot e Defesa Civil de Farroupilha,Farroupilha,"R$ 150000,00"
2024-06-05 00:00:00,24080400005424,Tesouro,24003047782,53163776000199,Prfeitura Mun de Flores da Cunha,Flores da Cunha,"R$ 150000,00"
2024-06-05 00:00:00,24080400005424,Tesouro,24003047832,55084930000162,Fundo Mun de Protecao e Defesa Civil Fumpdec,Itapuca,"R$ 150000,00"
2024-06-05 00:00:00,24080400005629,Tesouro,24003049295,53165223000175,Fundo Mun Defesa Civil Agudo,Agudo,"R$ 350000,00"
2024-06-05 00:00:00,24080400005629,Tesouro,24003049301,53182772000158,Fundo Mun Prot Defesa Civil Coqueiro Baixo,Coqueiro Baixo,"R$ 350000,00"
2024-06-05 00:00:00,24080400005629,Tesouro,24003049302,18096217000102,Pref Mun de Crissiumal,Crissiumal,"R$ 150000,00"
2024-06-05 00:00:00,24080400005629,Tesouro,24003049362,53106929000166,Fundo Mun Defesa Civil Cruzeiro do Sul,Cruzeiro do Sul,"R$ 350000,00"
2024-06-05 00:00:00,24080400005629,Tesouro,24003049378,31373873000173,Fundo Mun Prot Defesa Civil Doutor Ricardo,Doutor Ricardo,"R$ 350000,00"
2024-06-05 00:00:00,24080400005629,Tesouro,24003049386,52938072000188,Fundo Mun Prot Defesa Civil Faxinal do Soturno,Faxinal do Soturno,"R$ 350000,00"
2024-06-05 00:00:00,24080400005629,Tesouro,24003049395,28004616000150,Fundo Mun de Defesa Civil de Marata,Marata,"R$ 150000,00"
2024-06-05 00:00:00,24080400005629,Tesouro,24003049482,53158724000124,Pref Mun de Nova Esperanca do Sul,Nova Esperanca do Sul,"R$ 150000,00"
2024-06-05 00:00:00,24080400005629,Tesouro,24003049502,52996083000114,Pref Mun de Sao Sebastiao do Cai,Sao Sebastiao do Cai,"R$ 350000,00"
2024-06-05 00:00:00,24080400005629,Tesouro,24003049853,55043182000170,Fundo Mun de Defesa Civil Fumdec,Triunfo,"R$ 350000,00"
2024-06-04 00:00:00,24080400005211,Tesouro,24002976826,14945397000107,Pref Mun de Candido Godoi,Candido Godoi,"R$ 200000,00"
2024-06-04 00:00:00,24080400005211,Tesouro,24003018134,55124776000105,Fundo Mun Defesa Civil Capela de Santana,Capela de Santana,"R$ 200000,00"
2024-06-04 00:00:00,24080400005211,Tesouro,24003018158,55193837000196,Fundo Mun Defesa Civil de Ibiruba,Ibiruba,"R$ 200000,00"
2024-06-04 00:00:00,9999991400246,Tesouro,24002811085,18392493000118,Fundo Mun de Defesa Civil Esteio,Esteio,"R$ 200000,00"
2024-06-04 00:00:00,9999991400246,Tesouro,24002869440,55149498000140,Fundo Mun Defesa Civil Sao Francisco de Paula,Sao Francisco de Paula,"R$ 200000,00"
2024-06-03 00:00:00,24080400005130,Tesouro,24002975732,53572821000169,Fundo Mun Prot Defesa Civil de Caxias do Sul,Caxias do Sul,"R$ 200000,00"
2024-06-03 00:00:00,24080400005130,Tesouro,24002975931,14901264000120,Fundo Mun Defesa Civil de Igrejinha,Igrejinha,"R$ 200000,00"
2024-06-03 00:00:00,24080400005130,Tesouro,24002975980,55078656000119,Fundo Mun Defesa Civil de Ilopolis,Ilopolis,"R$ 200000,00"
2024-06-03 00:00:00,24080400005130,Tesouro,24002976034,53172715000198,Pref Mun de Jaguarao,Jaguarao,"R$ 200000,00"
2024-06-03 00:00:00,24080400005130,Tesouro,24002976067,53213888000107,Fundo Mun Defesa Civil de Piratini,Piratini,"R$ 200000,00"
2024-06-03 00:00:00,24080400005173,Tesouro,24002976738,53215243000103,Pref Mun de Amaral Ferrador,Amaral Ferrador,"R$ 200000,00"
2024-06-03 00:00:00,24080400005173,Tesouro,24002976773,55152962000158,Fundo Mun Defesa Civil de Novo Hamburgo,Novo Hamburgo,"R$ 200000,00"
2024-06-03 00:00:00,24080400005173,Tesouro,24002976807,53178260000118,Pref Mun de Santo Expedito do Sul,Santo Expedito do Sul,"R$ 200000,00"
2024-06-03 00:00:00,9999991400246,Tesouro,24002812652,55084930000162,Fundo Mun de Protecao e Defesa Civil Fumpdec,Itapuca,"R$ 200000,00"
2024-05-31 00:00:00,9999991400246,Tesouro,24002811085,18392493000118,Fundo Mun de Defesa Civil Esteio,Esteio,"-R$ 400000,00"
2024-05-31 00:00:00,9999991400246,Tesouro,24002812664,54060951000185,Fundo Mun Defesa Civil de Santa Maria Fumdec,Santa Maria,"R$ 200000,00"
2024-05-31 00:00:00,9999991400246,Tesouro,24002821626,28004616000150,Fundo Mun de Defesa Civil de Marata,Marata,"R$ 200000,00"
2024-05-31 00:00:00,9999991400246,Tesouro,24002821789,55157932000134,Fundo Mun Defesa Civil Quevedos,Quevedos,"R$ 200000,00"
2024-05-31 00:00:00,9999991400246,Tesouro,24002869440,55149498000140,Fundo Mun Defesa Civil Sao Francisco de Paula,Sao Francisco de Paula,"-R$ 400000,00"
2024-05-29 00:00:00,24080400005122,Tesouro,24002913553,55135900000138,Fundo Mun Defesa Civil de Alto Alegre,Alto Alegre,"R$ 200000,00"
2024-05-29 00:00:00,24080400005122,Tesouro,24002913611,18765582000162,Fundo Mun Defesa Civil Bom Principio,Bom Principio,"R$ 200000,00"
2024-05-29 00:00:00,24080400005122,Tesouro,24002913618,53204866000180,Pref Mun de Cerrito,Cerrito,"R$ 200000,00"
2024-05-29 00:00:00,24080400005122,Tesouro,24002913624,55208662000143,Fundo Mun Defesa Civil Dilermando de Aguiar,Dilermando de Aguiar,"R$ 200000,00"
2024-05-29 00:00:00,24080400005122,Tesouro,24002913669,55195693000107,Fundo Mun Protecao e Defesa Civil de Guaiba,Guaiba,"R$ 200000,00"
2024-05-29 00:00:00,24080400005122,Tesouro,24002913672,53105936000143,Fundo Mun Defesa Civil Porto Lucena,Porto Lucena,"R$ 200000,00"
2024-05-29 00:00:00,24080400005122,Tesouro,24002913684,16418210000134,Pref Mun de Taquari,Taquari,"R$ 200000,00"
2024-05-29 00:00:00,24080400005122,Tesouro,24002914079,55132251000111,Fundo Mun Defesa Civil de Ibarama,Ibarama,"R$ 200000,00"
2024-05-29 00:00:00,24080400005122,Tesouro,24002914087,53063519000185,Pref Mun de Palmeira das Missoes,Palmeira das Missoes,"R$ 200000,00"
2024-05-29 00:00:00,24080400005122,Tesouro,24002914105,53853418000108,Fundo Municipal Defesa Civil de Paraiso do Sul,Paraiso do Sul,"R$ 200000,00"
2024-05-29 00:00:00,24080400005122,Tesouro,24002914116,53192438000185,Pref Mun de Pedro Osorio,Pedro Osorio,"R$ 200000,00"
2024-05-29 00:00:00,24080400005122,Tesouro,24002914140,55118337000190,Fundo Mun Defesa Civilfundec Silveira Martins,Silveira Martins,"R$ 200000,00"
2024-05-29 00:00:00,9999991400246,Tesouro,24002780489,53196650000110,Pref Mun de Sao Gabriel,Sao Gabriel,"R$ 200000,00"
2024-05-29 00:00:00,9999991400246,Tesouro,24002811085,18392493000118,Fundo Mun de Defesa Civil Esteio,Esteio,"R$ 400000,00"
2024-05-29 00:00:00,9999991400246,Tesouro,24002869028,53444587000194,Pref Mun de Antonio Prado,Antonio Prado,"R$ 200000,00"
2024-05-29 00:00:00,9999991400246,Tesouro,24002869066,53253814000102,Pref Mun de Barao,Barao,"R$ 200000,00"
2024-05-29 00:00:00,9999991400246,Tesouro,24002869101,53161326000167,Pref Mun de Campestre da Serra,Campestre da Serra,"R$ 200000,00"
2024-05-29 00:00:00,9999991400246,Tesouro,24002869113,53620652000195,Fundo Mun Defesa Civil Capao Bonito do Sul,Capao Bonito do Sul,"R$ 200000,00"
2024-05-29 00:00:00,9999991400246,Tesouro,24002869206,55118457000197,Fundo Mun Defesa Civil de Fagundes Varela,Fagundes Varela,"R$ 200000,00"
2024-05-29 00:00:00,9999991400246,Tesouro,24002869256,21548749000148,Fundo Mun Prot e Defesa Civil de Farroupilha,Farroupilha,"R$ 200000,00"
2024-05-29 00:00:00,9999991400246,Tesouro,24002869326,53163776000199,Prfeitura Mun de Flores da Cunha,Flores da Cunha,"R$ 200000,00"
2024-05-29 00:00:00,9999991400246,Tesouro,24002869364,28109535000114,Prefitura Mun de Monte Belo do Sul,Monte Belo do Sul,"R$ 200000,00"
2024-05-29 00:00:00,9999991400246,Tesouro,24002869380,53203184000153,Pref Mun de Nova Padua,Nova Padua,"R$ 200000,00"
2024-05-29 00:00:00,9999991400246,Tesouro,24002869440,55149498000140,Fundo Mun Defesa Civil Sao Francisco de Paula,Sao Francisco de Paula,"R$ 400000,00"
2024-05-29 00:00:00,9999991400246,Tesouro,24002869470,53113800000185,Fundo Mun Prot Defesa Civil Sao Joao da Urtiga,Sao Joao da Urtiga,"R$ 200000,00"
2024-05-29 00:00:00,9999991400246,Tesouro,24002869584,53216341000165,Fundo Mun Defesa Civil Sao Jose do Hortensio,Sao Jose do Hortencio,"R$ 200000,00"
2024-05-29 00:00:00,9999991400246,Tesouro,24002869615,53201625000188,Pref Mun de Sao Marcos,Sao Marcos,"R$ 200000,00"
2024-05-29 00:00:00,9999991400246,Tesouro,24002869650,55138912000116,Fundo Mun Defesa Civil Vista Alegre do Prata,Vista Alegre do Prata,"R$ 200000,00"
2024-05-28 00:00:00,9999991400246,Tesouro,24002861788,55081751000171,Fundo Mun Defesa Civil Santa Clara do Sul,Santa Clara do Sul,"R$ 200000,00"
2024-05-24 00:00:00,9999991400246,Tesouro,24002861788,55081751000171,Fundo Mun Defesa Civil Santa Clara do Sul,Santa Clara do Sul,"-R$ 400000,00"
2024-05-23 00:00:00,9999991400246,Tesouro,24002811085,18392493000118,Fundo Mun de Defesa Civil Esteio,Esteio,"-R$ 400000,00"
2024-05-23 00:00:00,9999991400246,Tesouro,24002812530,53179256000174,Fundo Mun de Defesa Civil Fumdec,Paulo Bento,"-R$ 400000,00"
2024-05-23 00:00:00,9999991400246,Tesouro,24002812652,55084930000162,Fundo Mun de Protecao e Defesa Civil Fumpdec,Itapuca,"-R$ 400000,00"
2024-05-23 00:00:00,9999991400246,Tesouro,24002812664,54060951000185,Fundo Mun Defesa Civil de Santa Maria Fumdec,Santa Maria,"-R$ 400000,00"
2024-05-23 00:00:00,9999991400246,Tesouro,24002821626,28004616000150,Fundo Mun de Defesa Civil de Marata,Marata,"-R$ 400000,00"
2024-05-23 00:00:00,9999991400246,Tesouro,24002821789,55157932000134,Fundo Mun Defesa Civil Quevedos,Quevedos,"-R$ 400000,00"
2024-05-23 00:00:00,9999991400246,Tesouro,24002822209,20611585000193,Coord Mun Defesa Civil de Rodeio Bonito,Rodeio Bonito,"-R$ 400000,00"
2024-05-23 00:00:00,9999991400246,Tesouro,24002843133,18687035000106,Pref Mun de Candelaria,Candelaria,"R$ 200000,00"
2024-05-23 00:00:00,9999991400246,Tesouro,24002843318,53191030000199,Fundo Mun de Defesa Civil de Candiota,Candiota,"R$ 200000,00"
2024-05-23 00:00:00,9999991400246,Tesouro,24002843322,53160576000182,Fundo Mun Prot Defesa Civil de Carlos Gomes,Carlos Gomes,"R$ 200000,00"
2024-05-23 00:00:00,9999991400246,Tesouro,24002843383,53208284000172,Fundo Mun de Defesa Civil Fundec Derrubadas,Derrubadas,"R$ 200000,00"
2024-05-23 00:00:00,9999991400246,Tesouro,24002843507,53031202000167,Pref Mun de Doutor Mauricio Cardoso,Doutor Mauricio Cardoso,"R$ 200000,00"
2024-05-23 00:00:00,9999991400246,Tesouro,24002843554,26971029000104,Fundo Municipal Para Defesa Civil - Fumdec,Rio Grande,"R$ 200000,00"
2024-05-23 00:00:00,9999991400246,Tesouro,24002843639,53165091000181,Pref Mun de Segredo,Segredo,"R$ 200000,00"
2024-05-23 00:00:00,9999991400246,Tesouro,24002861788,55081751000171,Fundo Mun Defesa Civil Santa Clara do Sul,Santa Clara do Sul,"R$ 400000,00"
2024-05-23 00:00:00,9999991400246,Tesouro,24002861827,55142570000108,Fundo Mun de Defesa Civil de Serio,Serio,"R$ 200000,00"
2024-05-22 00:00:00,9999991400246,Tesouro,24002807482,22749174000194,Fundo Mun de Defesa Civil de Tres Coroas,Tres Coroas,"R$ 200000,00"
2024-05-22 00:00:00,9999991400246,Tesouro,24002810881,53170730000105,Pref Mun de Alto Feliz,Alto Feliz,"R$ 200000,00"
2024-05-22 00:00:00,9999991400246,Tesouro,24002810885,55043182000170,Fundo Mun de Defesa Civil Fumdec,Triunfo,"R$ 200000,00"
2024-05-22 00:00:00,9999991400246,Tesouro,24002810926,52900833000102,Pref Mun de Benjamin Constant do Sul,Benjamin Constant do Sul,"R$ 200000,00"
2024-05-22 00:00:00,9999991400246,Tesouro,24002811008,54775730000193,Fundo Mun de Defesa Civil Cacequi,Cacequi,"R$ 200000,00"
2024-05-22 00:00:00,9999991400246,Tesouro,24002811020,53088592000101,Pref Mun de Cacique Doble,Cacique Doble,"R$ 200000,00"
2024-05-22 00:00:00,9999991400246,Tesouro,24002811049,53799293000185,Fundo Mun Defesa Civil Fumdec,Cruzaltense,"R$ 200000,00"
2024-05-22 00:00:00,9999991400246,Tesouro,24002811054,53113587000101,Pref Mun de Caicara,Caicara,"R$ 200000,00"
2024-05-22 00:00:00,9999991400246,Tesouro,24002811064,54324554000173,Fundo Mun Protecao e Defesa Civil Nova Palma,Nova Palma,"R$ 200000,00"
2024-05-22 00:00:00,9999991400246,Tesouro,24002811069,53195934000192,Pref Mun de Chapada,Chapada,"R$ 200000,00"
2024-05-22 00:00:00,9999991400246,Tesouro,24002811085,18392493000118,Fundo Mun de Defesa Civil Esteio,Esteio,"R$ 400000,00"
2024-05-22 00:00:00,9999991400246,Tesouro,24002811086,53133549000110,Fundo Mun Defesa Civil de Colinas,Colinas,"R$ 200000,00"
2024-05-22 00:00:00,9999991400246,Tesouro,24002811099,53113484000141,Fundo Mun Prot e Defesa Civil de Encantado,Encantado,"R$ 200000,00"
2024-05-22 00:00:00,9999991400246,Tesouro,24002811120,53187272000109,Pref Mun de Encruzilhada do Sul,Encruzilhada do Sul,"R$ 200000,00"
2024-05-22 00:00:00,9999991400246,Tesouro,24002811133,53410128000190,Pref Mun de Gramado Xavier,Gramado Xavier,"R$ 200000,00"
2024-05-22 00:00:00,9999991400246,Tesouro,24002811177,20934248000137,Preefeitura Mun de Liberato Salzano,Liberato Salzano,"R$ 200000,00"
2024-05-22 00:00:00,9999991400246,Tesouro,24002811192,53201487000137,Fundo Mun Prot Defesa Civil Nova Petropolis,Nova Petropolis,"R$ 200000,00"
2024-05-22 00:00:00,9999991400246,Tesouro,24002811422,53109764000186,Fundo Mun Prot e Defesa Civil de Parai,Parai,"R$ 200000,00"
2024-05-22 00:00:00,9999991400246,Tesouro,24002811493,53722473000169,Fundo Municipal de Defesa Civil de Riozinho,Riozinho,"R$ 200000,00"
2024-05-22 00:00:00,9999991400246,Tesouro,24002811575,53178538000157,Fundo Mun Prot Defesa Civil Roca Sales,Roca Sales,"R$ 200000,00"
2024-05-22 00:00:00,9999991400246,Tesouro,24002811714,53192115000191,Pref Mun de Ronda Alta,Ronda Alta,"R$ 200000,00"
2024-05-22 00:00:00,9999991400246,Tesouro,24002811755,18986003000101,Pref Mun de Salvador do Sul,Salvador do Sul,"R$ 200000,00"
2024-05-22 00:00:00,9999991400246,Tesouro,24002811771,53175986000105,Fundo Mun da Defesa Civil de Sao Jose do Norte,Sao Jose do Norte,"R$ 200000,00"
2024-05-22 00:00:00,9999991400246,Tesouro,24002811916,53146533000142,Fundo Munic da Defesa Civil Soledade,Soledade,"R$ 200000,00"
2024-05-22 00:00:00,9999991400246,Tesouro,24002812064,52961154000143,Pref Mun de Vila Maria,Vila Maria,"R$ 200000,00"
2024-05-22 00:00:00,9999991400246,Tesouro,24002812148,28819730000138,Fundo Munic Defesa Civil Bento Gonçalves,Bento Goncalves,"R$ 200000,00"
2024-05-22 00:00:00,9999991400246,Tesouro,24002812155,53321989000100,Pref Mun de Coronel Pilar,Coronel Pilar,"R$ 200000,00"
2024-05-22 00:00:00,9999991400246,Tesouro,24002812159,53292704000141,Fundo Mun de Defesa Civil Fumdec,Estrela Velha,"R$ 200000,00"
2024-05-22 00:00:00,9999991400246,Tesouro,24002812164,53204598000105,Pref Mun de Pantano Grande,Pantano Grande,"R$ 200000,00"
2024-05-22 00:00:00,9999991400246,Tesouro,24002812174,53158863000158,Fundo Mun de Prot e Defesa Civil de Aratiba,Aratiba,"R$ 200000,00"
2024-05-22 00:00:00,9999991400246,Tesouro,24002812175,54173568000133,Fundo Mun Prot Defesa Civil Restinga Seca,Restinga Seca,"R$ 200000,00"
2024-05-22 00:00:00,9999991400246,Tesouro,24002812181,53190486000134,Pref Mun de Cruz Alta,Cruz Alta,"R$ 200000,00"
2024-05-22 00:00:00,9999991400246,Tesouro,24002812194,53099266000108,Pref Mun de Entre Rios do Sul,Entre Rios do Sul,"R$ 200000,00"
2024-05-22 00:00:00,9999991400246,Tesouro,24002812213,53590463000117,Fundo Mun de Prot e Defesa Civil Tres Passos,Tres Passos,"R$ 200000,00"
2024-05-22 00:00:00,9999991400246,Tesouro,24002812216,53099510000124,Fundo Mun Defesa Civil de Erechim,Erechim,"R$ 200000,00"
2024-05-22 00:00:00,9999991400246,Tesouro,24002812230,53201399000135,Pref Mun de Espumoso,Espumoso,"R$ 200000,00"
2024-05-22 00:00:00,9999991400246,Tesouro,24002812240,53291871000178,Fundo Mun Defesa Civil de General Camara,General Camara,"R$ 200000,00"
2024-05-22 00:00:00,9999991400246,Tesouro,24002812277,53214600000119,Pref Mun de Gentil,Gentil,"R$ 200000,00"
2024-05-22 00:00:00,9999991400246,Tesouro,24002812287,19371397000156,Fundo Mun Defesa Civil de Guapore,Guapore,"R$ 200000,00"
2024-05-22 00:00:00,9999991400246,Tesouro,24002812291,53157857000186,Fundo Mun Prot e Defesa Civil de Irai,Irai,"R$ 200000,00"
2024-05-22 00:00:00,9999991400246,Tesouro,24002812297,53111309000115,Fundo Mun Defesa Civil de Lagoao,Lagoao,"R$ 200000,00"
2024-05-22 00:00:00,9999991400246,Tesouro,24002812303,15589183000108,Fundo Mun Defesa Civil de Maquine,Maquine,"R$ 200000,00"
2024-05-22 00:00:00,9999991400246,Tesouro,24002812307,52874100000140,Pref Mun de Nova Bassano,Nova Bassano,"R$ 200000,00"
2024-05-22 00:00:00,9999991400246,Tesouro,24002812309,53099656000170,Pref Mun Novo Xingu,Novo Xingu,"R$ 200000,00"
2024-05-22 00:00:00,9999991400246,Tesouro,24002812315,53186935000170,Fundo Mun de Defesa Civil Pinhal,Pinhal,"R$ 200000,00"
2024-05-22 00:00:00,9999991400246,Tesouro,24002812325,53015949000121,Pref Mun de Tupandi,Tupandi,"R$ 200000,00"
2024-05-22 00:00:00,9999991400246,Tesouro,24002812327,19000167000180,Pref Mun de Vista Gaucha,Vista Gaucha,"R$ 200000,00"
2024-05-22 00:00:00,9999991400246,Tesouro,24002812364,55062207000182,Fundo Mun Defesa Civil Arroio dos Ratos,Arroio dos Ratos,"R$ 200000,00"
2024-05-22 00:00:00,9999991400246,Tesouro,24002812506,23527728000171,Fundo Mun Defesa Civil Passo do Sobrado,Passo do Sobrado,"R$ 200000,00"
2024-05-22 00:00:00,9999991400246,Tesouro,24002812530,53179256000174,Fundo Mun de Defesa Civil Fumdec,Paulo Bento,"R$ 400000,00"
2024-05-22 00:00:00,9999991400246,Tesouro,24002812537,54072064000127,Fundo Mun Defesa Civil Fumdec,Salto do Jacui,"R$ 200000,00"
2024-05-22 00:00:00,9999991400246,Tesouro,24002812558,53963551000117,Fundo Mun de Defesa Civil Fumdec,Santa Vitoria do Palmar,"R$ 200000,00"
2024-05-22 00:00:00,9999991400246,Tesouro,24002812567,23613481000106,Fundo Mun de Defesa Civil de Sao Pedro do Sul,Sao Pedro do Sul,"R$ 200000,00"
2024-05-22 00:00:00,9999991400246,Tesouro,24002812579,53942468000161,Fundo Mun Protecao e Defesa Civil Sao Sepe,Sao Sepe,"R$ 200000,00"
2024-05-22 00:00:00,9999991400246,Tesouro,24002812598,53209348000150,Fundo Mun Defesa Civil Sapucaia do Sul,Sapucaia do Sul,"R$ 200000,00"
2024-05-22 00:00:00,9999991400246,Tesouro,24002812620,53966671000178,Fundo Mun Defesa Civil de Travesseiro,Travesseiro,"R$ 200000,00"
2024-05-22 00:00:00,9999991400246,Tesouro,24002812652,55084930000162,Fundo Mun de Protecao e Defesa Civil Fumpdec,Itapuca,"R$ 400000,00"
2024-05-22 00:00:00,9999991400246,Tesouro,24002812664,54060951000185,Fundo Mun Defesa Civil de Santa Maria Fumdec,Santa Maria,"R$ 400000,00"
2024-05-22 00:00:00,9999991400246,Tesouro,24002813850,53028507000110,Prfeitura Mun de Coronel Bicaco,Coronel Bicaco,"R$ 200000,00"
2024-05-22 00:00:00,9999991400246,Tesouro,24002813853,53192204000138,Fundo Mun Defesa Civil de Vale Verde,Vale Verde,"R$ 200000,00"
2024-05-22 00:00:00,9999991400246,Tesouro,24002813857,53187685000193,Pref Mun de Herval,Herval,"R$ 200000,00"
2024-05-22 00:00:00,9999991400246,Tesouro,24002813858,19876209000141,Fundo Mun Defesa Civil de Sarandi,Sarandi,"R$ 200000,00"
2024-05-22 00:00:00,9999991400246,Tesouro,24002813862,16812367000140,Fundo Mun Defesa Civil Sao Lourenco do Sul,Sao Lourenco do Sul,"R$ 200000,00"
2024-05-22 00:00:00,9999991400246,Tesouro,24002813867,53123057000144,Pref Mun de Miraguai,Miraguai,"R$ 200000,00"
2024-05-22 00:00:00,9999991400246,Tesouro,24002813874,53155872000195,Fundo Mun Defesa Civil Sao Francisco de Assis,Sao Francisco de Assis,"R$ 200000,00"
2024-05-22 00:00:00,9999991400246,Tesouro,24002813877,19392971000152,Fundo Mun Prot Defesa Civil de Nova Boa Vista,Nova Boa Vista,"R$ 200000,00"
2024-05-22 00:00:00,9999991400246,Tesouro,24002813879,53203245000182,Pref Mun de Pontao,Pontao,"R$ 200000,00"
2024-05-22 00:00:00,9999991400246,Tesouro,24002813890,53127336000186,Pref Mun de Pinheiro Machado,Pinheiro Machado,"R$ 200000,00"
2024-05-22 00:00:00,9999991400246,Tesouro,24002813895,53160155000151,Fundo Munic Defesa Civil Pelotas,Pelotas,"R$ 200000,00"
2024-05-22 00:00:00,9999991400246,Tesouro,24002813900,14332561000100,Fundo Mun de Defesa Civil de Parobe,Parobe,"R$ 200000,00"
2024-05-22 00:00:00,9999991400246,Tesouro,24002813904,53057374000100,Fundo Municipal de Defesa Civil de Palmitinho,Palmitinho,"R$ 200000,00"
2024-05-22 00:00:00,9999991400246,Tesouro,24002813916,52992602000176,Pref Mun de Nova Alvorada,Nova Alvorada,"R$ 200000,00"
2024-05-22 00:00:00,9999991400246,Tesouro,24002813934,53102995000168,Fundo Mun de Defesa Civil de Uruguaiana,Uruguaiana,"R$ 200000,00"
2024-05-22 00:00:00,9999991400246,Tesouro,24002814002,53162231000168,Pref Mun de Garibaldi,Garibaldi,"R$ 200000,00"
2024-05-22 00:00:00,9999991400246,Tesouro,24002814204,53195877000141,Fundo Mun de Protecao de Defesa Civil Fumpdec,Campo Bom,"R$ 200000,00"
2024-05-22 00:00:00,9999991400246,Tesouro,24002814205,53177605000119,Fundo Mun de Defesa Civil de David Canabarro,David Canabarro,"R$ 200000,00"
2024-05-22 00:00:00,9999991400246,Tesouro,24002814207,20927868000149,Pref Mun de Casca,Casca,"R$ 200000,00"
2024-05-22 00:00:00,9999991400246,Tesouro,24002814208,53126965000191,Pref Mun de Cangucu,Cangucu,"R$ 200000,00"
2024-05-22 00:00:00,9999991400246,Tesouro,24002820151,55085306000180,Fundo Mun Defesa Civil de Lagoa Bonita do Sul,Lagoa Bonita do Sul,"R$ 200000,00"
2024-05-22 00:00:00,9999991400246,Tesouro,24002820152,14983970000169,Fundo Mun Defesa Civil Novo Cabrais,Novo Cabrais,"R$ 200000,00"
2024-05-22 00:00:00,9999991400246,Tesouro,24002820154,55080859000140,Fundo Mun Defesa Civil Sao Jose do Herval,Sao Jose do Herval,"R$ 200000,00"
2024-05-22 00:00:00,9999991400246,Tesouro,24002820161,53072595000157,Fundo Mun Defesa Civil de Sao Valentim,Sao Valentim,"R$ 200000,00"
2024-05-22 00:00:00,9999991400246,Tesouro,24002820309,23570124000108,Fundo Mun de Defesa Civil de Cerro Branco,Cerro Branco,"R$ 200000,00"
2024-05-22 00:00:00,9999991400246,Tesouro,24002821083,54040958000135,Fundo Mun Defesa Civil Forquetinha,Forquetinha,"R$ 200000,00"
2024-05-22 00:00:00,9999991400246,Tesouro,24002821418,53364713000109,Fundo Mun Defesa Civil de Ibirapuita,Ibirapuita,"R$ 200000,00"
2024-05-22 00:00:00,9999991400246,Tesouro,24002821626,28004616000150,Fundo Mun de Defesa Civil de Marata,Marata,"R$ 400000,00"
2024-05-22 00:00:00,9999991400246,Tesouro,24002821685,55149457000154,Fundo Mun Defesa Civil Pinhal Grande,Pinhal Grande,"R$ 200000,00"
2024-05-22 00:00:00,9999991400246,Tesouro,24002821789,55157932000134,Fundo Mun Defesa Civil Quevedos,Quevedos,"R$ 400000,00"
2024-05-22 00:00:00,9999991400246,Tesouro,24002821939,55114281000103,Fundo Mun Defesa Civl de Relvado,Relvado,"R$ 200000,00"
2024-05-22 00:00:00,9999991400246,Tesouro,24002822209,20611585000193,Coord Mun Defesa Civil de Rodeio Bonito,Rodeio Bonito,"R$ 400000,00"
2024-05-22 00:00:00,9999991400246,Tesouro,24002824380,53099117000130,Pref Mun de Venancio Aires,Venancio Aires,"R$ 200000,00"
2024-05-22 00:00:00,9999991400246,Tesouro,24002824657,55097292000114,Fundo Mun Protecao e Defesa Civil de Vera Cruz,Vera Cruz,"R$ 200000,00"
2024-05-21 00:00:00,9999991400246,Tesouro,24002780489,53196650000110,Pref Mun de Sao Gabriel,Sao Gabriel,"-R$ 400000,00"
2024-05-21 00:00:00,9999991400246,Tesouro,24002807482,22749174000194,Fundo Mun de Defesa Civil de Tres Coroas,Tres Coroas,"-R$ 400000,00"
2024-05-20 00:00:00,9999991400246,Tesouro,24002800977,53165223000175,Fundo Mun Defesa Civil Agudo,Agudo,"R$ 200000,00"
2024-05-20 00:00:00,9999991400246,Tesouro,24002800994,23842640000144,Pref Mun de Anta Gorda,Anta Gorda,"R$ 200000,00"
2024-05-20 00:00:00,9999991400246,Tesouro,24002801137,53284270000138,Fundo Mun Defesa Civil Bom Retiro do Sul,Bom Retiro do Sul,"R$ 200000,00"
2024-05-20 00:00:00,9999991400246,Tesouro,24002801560,53176266000156,Pref Mun de Cristal,Cristal,"R$ 200000,00"
2024-05-20 00:00:00,9999991400246,Tesouro,24002801890,31373873000173,Fundo Mun Prot Defesa Civil Doutor Ricardo,Doutor Ricardo,"R$ 200000,00"
2024-05-20 00:00:00,9999991400246,Tesouro,24002802334,22534724000158,Municipio de Gramado dos Loureirios,Gramado dos Loureiros,"R$ 200000,00"
2024-05-20 00:00:00,9999991400246,Tesouro,24002802378,53164437000127,Fundo Mun Defesa Civil de Mucum,Mucum,"R$ 200000,00"
2024-05-20 00:00:00,9999991400246,Tesouro,24002802388,53198239000184,Pref Mun de Progresso,Progresso,"R$ 200000,00"
2024-05-20 00:00:00,9999991400246,Tesouro,24002802399,53201722000170,Fundo Mun Defesa Civil de Redentora,Redentora,"R$ 200000,00"
2024-05-20 00:00:00,9999991400246,Tesouro,24002802469,17963982000110,Fundo Mun Prot Defesa Civil de Rolante,Rolante,"R$ 200000,00"
2024-05-20 00:00:00,9999991400246,Tesouro,24002802488,14129149000180,Pref Mun de Taquara,Taquara,"R$ 200000,00"
2024-05-20 00:00:00,9999991400246,Tesouro,24002802757,19235388000138,Fundo Mun Prot Def Civil Arroio do Meio,Arroio do Meio,"R$ 200000,00"
2024-05-20 00:00:00,9999991400246,Tesouro,24002802758,53099135000112,Fundo Mun Defesa Civil de Camargo,Camargo,"R$ 200000,00"
2024-05-20 00:00:00,9999991400246,Tesouro,24002802760,18884666000115,Pref Mun de Campinas do Sul,Campinas do Sul,"R$ 200000,00"
2024-05-20 00:00:00,9999991400246,Tesouro,24002802767,20730956000156,Pref Mun de Cerro Grande,Cerro Grande,"R$ 200000,00"
2024-05-20 00:00:00,9999991400246,Tesouro,24002802993,53134804000140,Fundo Mun Defesa Civil de Ciriaco,Ciriaco,"R$ 200000,00"
2024-05-20 00:00:00,9999991400246,Tesouro,24002803030,53053678000107,Pref Mun de Erval Grande,Erval Grande,"R$ 200000,00"
2024-05-20 00:00:00,9999991400246,Tesouro,24002805612,16790700000167,Fundo Mun de Defesa Civil de Estrela,Estrela,"R$ 200000,00"
2024-05-20 00:00:00,9999991400246,Tesouro,24002805650,53163849000142,Pref Mun de Marques de Souza,Marques de Souza,"R$ 200000,00"
2024-05-20 00:00:00,9999991400246,Tesouro,24002805720,53620208000170,Fundo Mun Protecao Defesa Civil Morro Reuter,Morro Reuter,"R$ 200000,00"
2024-05-20 00:00:00,9999991400246,Tesouro,24002805791,53181422000177,Fundo Mun Defesa Civil de Passa Sete,Passa Sete,"R$ 200000,00"
2024-05-20 00:00:00,9999991400246,Tesouro,24002805817,28132522000166,Fundo Mun Defesa Civil de Sinimbu,Sinimbu,"R$ 200000,00"
2024-05-20 00:00:00,9999991400246,Tesouro,24002805838,53040939000146,Pref Mun de Trindade do Sul,Trindade do Sul,"R$ 200000,00"
2024-05-20 00:00:00,9999991400246,Tesouro,24002805909,53053478000146,Pref Mun de Campos Borges,Campos Borges,"R$ 200000,00"
2024-05-20 00:00:00,9999991400246,Tesouro,24002805921,53179414000196,Pref Mun de Cotipora,Cotipora,"R$ 200000,00"
2024-05-20 00:00:00,9999991400246,Tesouro,24002806318,53127203000100,Fundo Mun Prot Defesa Civil de Feliz,Feliz,"R$ 200000,00"
2024-05-20 00:00:00,9999991400246,Tesouro,24002806396,23511156000132,Imigrante Fundo Mun de Defesa Civil,Imigrante,"R$ 200000,00"
2024-05-20 00:00:00,9999991400246,Tesouro,24002806748,15375102000169,Fundo Munic Defesa Civil de Itati,Itati,"R$ 200000,00"
2024-05-20 00:00:00,9999991400246,Tesouro,24002807159,52900106000145,Pref Mun de Nonoai,Nonoai,"R$ 200000,00"
2024-05-20 00:00:00,9999991400246,Tesouro,24002807245,54228724000116,Fundo Mun de Defesa Civil Putinga,Putinga,"R$ 200000,00"
2024-05-20 00:00:00,9999991400246,Tesouro,24002807252,18929543000153,Fundo Mun da Defesa Civil de Santa Terez,Santa Tereza,"R$ 200000,00"
2024-05-20 00:00:00,9999991400246,Tesouro,24002807335,21097745000190,Pref Mun de Sao Pedro das Missoes,Sao Pedro das Missoes,"R$ 200000,00"
2024-05-20 00:00:00,9999991400246,Tesouro,24002807396,23258357000170,Pref Mun de Sao Valentim do Sul,Sao Valentim do Sul,"R$ 200000,00"
2024-05-20 00:00:00,9999991400246,Tesouro,24002807482,22749174000194,Fundo Mun de Defesa Civil de Tres Coroas,Tres Coroas,"R$ 400000,00"
2024-05-20 00:00:00,9999991400246,Tesouro,24002807578,18999637000107,Pref Mun Tres Palmeiras,Tres Palmeiras,"R$ 200000,00"
2024-05-17 00:00:00,9999991400246,Tesouro,24002766018,52917070000102,Fundo Mun Defesa Civil Barra do Rio Azul,Barra do Rio Azul,"R$ 200000,00"
2024-05-17 00:00:00,9999991400246,Tesouro,24002766219,53198484000191,Fundo Mun Prot Defesa Civil Boqueirao do Leao,Boqueirao do Leao,"R$ 200000,00"
2024-05-17 00:00:00,9999991400246,Tesouro,24002766244,53033201000151,Pref Mun Dois Irmaos das Missoes,Dois Irmaos das Missoes,"R$ 200000,00"
2024-05-17 00:00:00,9999991400246,Tesouro,24002766286,53034983000143,Pref Mun de Harmonia,Harmonia,"R$ 200000,00"
2024-05-17 00:00:00,9999991400246,Tesouro,24002766358,53640950000147,Pref Mun de Inhacora,Inhacora,"R$ 200000,00"
2024-05-17 00:00:00,9999991400246,Tesouro,24002766370,53133824000104,Fundo Mun Defesa Civil de Jaguari,Jaguari,"R$ 200000,00"
2024-05-17 00:00:00,9999991400246,Tesouro,24002766404,53094153000101,Fundo Mun Defesa Civil de Manoel Viana,Manoel Viana,"R$ 200000,00"
2024-05-17 00:00:00,9999991400246,Tesouro,24002766423,53158724000124,Pref Mun de Nova Esperanca do Sul,Nova Esperanca do Sul,"R$ 200000,00"
2024-05-17 00:00:00,9999991400246,Tesouro,24002766432,53076012000166,Pref Mun de Ponte Preta,Ponte Preta,"R$ 200000,00"
2024-05-17 00:00:00,9999991400246,Tesouro,24002766437,53132337000119,Pref Mun de Sao Vendelino,Sao Vendelino,"R$ 200000,00"
2024-05-17 00:00:00,9999991400246,Tesouro,24002766460,53209898000179,Fundo Mun de Defesa Civil de Sobradinho Fumdec,Sobradinho,"R$ 200000,00"
2024-05-17 00:00:00,9999991400246,Tesouro,24002766487,15426799000150,Fundo Mun de Defesa Civil de Tres Forquilhas,Tres Forquilhas,"R$ 200000,00"
2024-05-17 00:00:00,9999991400246,Tesouro,24002767999,53190448000181,Fundo Mun Defesa Civil de Alegrete,Alegrete,"R$ 200000,00"
2024-05-17 00:00:00,9999991400246,Tesouro,24002768048,53180445000167,Pref Mun de Cachoeira do Sul,Cachoeira do Sul,"R$ 200000,00"
2024-05-17 00:00:00,9999991400246,Tesouro,24002768072,53326226000143,Fundo Mun Prot Def Civil Lagoa dos Tres Cantos,Lagoa dos Tres Cantos,"R$ 200000,00"
2024-05-17 00:00:00,9999991400246,Tesouro,24002768076,15399273000128,Fundo Mun Defesa Civil Lajeado,Lajeado,"R$ 200000,00"
2024-05-17 00:00:00,9999991400246,Tesouro,24002768112,53201319000141,Pref Mun de Chiapetta,Chiapetta,"R$ 200000,00"
2024-05-17 00:00:00,9999991400246,Tesouro,24002768592,53157946000122,Pref Mun de Montenegro,Montenegro,"R$ 200000,00"
2024-05-17 00:00:00,9999991400246,Tesouro,24002768710,53201537000186,Pref Mun de Rondinha,Rondinha,"R$ 200000,00"
2024-05-17 00:00:00,9999991400246,Tesouro,24002768844,19281037000163,Pref Mun de Santo Antonio do Palma,Santo Antonio do Palma,"R$ 200000,00"
2024-05-17 00:00:00,9999991400246,Tesouro,24002769328,53163925000110,Fundo Mun Defesa Civil de Arroio do Tigre,Arroio do Tigre,"R$ 200000,00"
2024-05-17 00:00:00,9999991400246,Tesouro,24002771658,28140443000105,Pref Mun de Boa Vista das Missoes,Boa Vista das Missoes,"R$ 200000,00"
2024-05-17 00:00:00,9999991400246,Tesouro,24002771839,53182772000158,Fundo Mun Prot Defesa Civil Coqueiro Baixo,Coqueiro Baixo,"R$ 200000,00"
2024-05-17 00:00:00,9999991400246,Tesouro,24002772118,53162355000143,Pref Mun de Cristal do Sul,Cristal do Sul,"R$ 200000,00"
2024-05-17 00:00:00,9999991400246,Tesouro,24002772540,53107395000192,Fundo Mun Defesa Civil de Dom Feliciano,Dom Feliciano,"R$ 200000,00"
2024-05-17 00:00:00,9999991400246,Tesouro,24002772666,53179102000182,Pref Mun de Engenho Velho,Engenho Velho,"R$ 200000,00"
2024-05-17 00:00:00,9999991400246,Tesouro,24002773492,27989302000190,Pref Mun de Erval Seco,Erval Seco,"R$ 200000,00"
2024-05-17 00:00:00,9999991400246,Tesouro,24002773575,52938072000188,Fundo Mun Prot Defesa Civil Faxinal do Soturno,Faxinal do Soturno,"R$ 200000,00"
2024-05-17 00:00:00,9999991400246,Tesouro,24002774184,19399497000190,Prfeitura Mun de Novo Barreiro,Novo Barreiro,"R$ 200000,00"
2024-05-17 00:00:00,9999991400246,Tesouro,24002774446,53028398000130,Fundo Mun Defesa Civil Novo Tiradentes,Novo Tiradentes,"R$ 200000,00"
2024-05-17 00:00:00,9999991400246,Tesouro,24002774642,53738783000171,Pref Mun de Quinze de Novembro,Quinze de Novembro,"R$ 200000,00"
2024-05-17 00:00:00,9999991400246,Tesouro,24002774931,53133580000151,Pref Mun de Roque Gonzales,Roque Gonzales,"R$ 200000,00"
2024-05-17 00:00:00,9999991400246,Tesouro,24002775125,53340498000106,Pref Mun de Sertao,Sertao,"R$ 200000,00"
2024-05-17 00:00:00,9999991400246,Tesouro,24002775244,53100056000184,Pref Mun de Marau,Marau,"R$ 200000,00"
2024-05-17 00:00:00,9999991400246,Tesouro,24002775338,53212850000110,Pref Mun de Barra do Ribeiro,Barra do Ribeiro,"R$ 200000,00"
2024-05-17 00:00:00,9999991400246,Tesouro,24002775415,53185259000110,Pref Mun de Camaqua,Camaqua,"R$ 200000,00"
2024-05-17 00:00:00,9999991400246,Tesouro,24002775471,53446116000115,Pref Mun de Capitao,Capitao,"R$ 200000,00"
2024-05-17 00:00:00,9999991400246,Tesouro,24002780208,53106929000166,Fundo Mun Defesa Civil Cruzeiro do Sul,Cruzeiro do Sul,"R$ 200000,00"
2024-05-17 00:00:00,9999991400246,Tesouro,24002780319,53129401000102,Fundo Mun Defesa Civil Dois Lajeados,Dois Lajeados,"R$ 200000,00"
2024-05-17 00:00:00,9999991400246,Tesouro,24002780370,20167571000122,Fundo Municipal Defesa Civil de Jaboticaba,Jaboticaba,"R$ 200000,00"
2024-05-17 00:00:00,9999991400246,Tesouro,24002780396,53146464000177,Pref Mun de Marcelino Ramos,Marcelino Ramos,"R$ 200000,00"
2024-05-17 00:00:00,9999991400246,Tesouro,24002780397,53181006000179,Pref Mun de Pareci Novo,Pareci Novo,"R$ 200000,00"
2024-05-17 00:00:00,9999991400246,Tesouro,24002780398,53108705000193,Pref Mun de Sagrada Familia,Sagrada Familia,"R$ 200000,00"
2024-05-17 00:00:00,9999991400246,Tesouro,24002780399,53147380000158,Pref Mun de Santana da Boa Vista,Santana da Boa Vista,"R$ 200000,00"
2024-05-17 00:00:00,9999991400246,Tesouro,24002780400,53061063000114,Fundo Munic Defesa Civil de Sao Borja,Sao Borja,"R$ 200000,00"
2024-05-17 00:00:00,9999991400246,Tesouro,24002780437,22965753000174,Pref Mun de Sao Domingos do Sul,Sao Domingos do Sul,"R$ 200000,00"
2024-05-17 00:00:00,9999991400246,Tesouro,24002780489,53196650000110,Pref Mun de Sao Gabriel,Sao Gabriel,"R$ 400000,00"
2024-05-17 00:00:00,9999991400246,Tesouro,24002780494,53088113000157,Pref Mun de Vicente Dutra,Vicente Dutra,"R$ 200000,00"
2024-05-17 00:00:00,9999991400246,Tesouro,24002780498,53140382000115,Fundo Mun de Defesa Civil Vespasiano Correa,Vespasiano Correa,"R$ 200000,00"
2024-05-17 00:00:00,9999991400246,Tesouro,24002780633,53169431000142,Fundo Mun Defesa Civil de Veranopolis,Veranopolis,"R$ 200000,00"
2024-05-17 00:00:00,9999991400246,Tesouro,24002781013,53113336000127,Pref Mun de Sao Jeronimo,Sao Jeronimo,"R$ 200000,00"
2024-05-17 00:00:00,9999991400246,Tesouro,24002781178,53086991000133,Pref Mun de Sao Jorge,Sao Jorge,"R$ 200000,00"
2024-05-17 00:00:00,9999991400246,Tesouro,24002781411,53093386000190,Pref Mun de Severiano de Almeida,Severiano de Almeida,"R$ 200000,00"
2024-05-17 00:00:00,9999991400246,Tesouro,24002781613,53179950000191,Pref Mun de Tunas,Tunas,"R$ 200000,00"
2024-05-17 00:00:00,9999991400246,Tesouro,24002781824,53134950000175,Fundo Mun Prot Defesa Civil de Tupancireta,Tupancireta,"R$ 200000,00"
